stop_id,pub,puj,lrt,mrt,pnr,route_count
LTFRB_1,,J,,,,18
LTFRB_10,,J,,,,18
LTFRB_100,B,J,,,,73
LTFRB_1000,B,J,,,,127
LTFRB_1001,B,J,,,,129
LTFRB_1002,B,J,,,,125
LTFRB_1003,B,J,,,,128
LTFRB_1004,B,J,,,,131
LTFRB_1005,B,J,,,,135
LTFRB_1006,B,J,,,,114
LTFRB_1007,B,J,,,,130
LTFRB_1008,B,J,,,,136
LTFRB_1009,B,J,,,,124
LTFRB_101,B,J,,,,83
LTFRB_1010,B,J,,,,146
LTFRB_1011,B,J,,,,94
LTFRB_1012,B,J,,,,73
LTFRB_1013,B,J,,,,71
LTFRB_1014,B,J,,,,69
LTFRB_1015,B,J,,,,3
LTFRB_1016,,J,,,,2
LTFRB_1017,,J,,,,10
LTFRB_1018,,J,,,,10
LTFRB_1019,,J,,,,2
LTFRB_102,,J,,,,63
LTFRB_1020,,J,,,,2
LTFRB_1021,,J,,,,2
LTFRB_1022,,J,,,,2
LTFRB_1023,,J,,,,6
LTFRB_1024,,J,,,,8
LTFRB_1025,,J,,,,18
LTFRB_1026,,J,,,,12
LTFRB_1027,,J,,,,14
LTFRB_1028,,J,,,,8
LTFRB_1029,,J,,,,12
LTFRB_103,,J,,,,58
LTFRB_1030,,J,,,,12
LTFRB_1031,,J,,,,12
LTFRB_1032,,J,,,,12
LTFRB_1033,,J,,,,12
LTFRB_1034,,J,,,,12
LTFRB_1035,,J,,,,12
LTFRB_1036,,J,,,,12
LTFRB_1037,,J,,,,12
LTFRB_1038,,J,,,,12
LTFRB_1039,,J,,,,5
LTFRB_104,,J,,,,58
LTFRB_1040,,J,,,,2
LTFRB_1041,,J,,,,10
LTFRB_1042,B,J,,,,32
LTFRB_1043,B,J,,,,32
LTFRB_1044,B,J,,,,31
LTFRB_1045,B,J,,,,29
LTFRB_1046,B,J,,,,31
LTFRB_1047,B,J,,,,32
LTFRB_1048,B,J,,,,33
LTFRB_1049,B,J,,,,34
LTFRB_105,,J,,,,62
LTFRB_1050,B,J,,,,32
LTFRB_1051,B,J,,,,33
LTFRB_1052,B,J,,,,34
LTFRB_1053,B,J,,,,34
LTFRB_1054,B,J,,,,34
LTFRB_1055,B,J,,,,34
LTFRB_1056,B,J,,,,34
LTFRB_1057,,J,,,,27
LTFRB_1058,B,J,,,,23
LTFRB_1059,B,J,,,,23
LTFRB_1060,B,J,,,,14
LTFRB_1061,B,J,,,,13
LTFRB_1062,B,J,,,,19
LTFRB_1063,B,,,,,1
LTFRB_1064,B,J,,,,16
LTFRB_1065,B,J,,,,13
LTFRB_1066,B,J,,,,13
LTFRB_1067,B,J,,,,12
LTFRB_1068,,J,,,,9
LTFRB_1069,,J,,,,9
LTFRB_107,,J,,,,43
LTFRB_1070,,J,,,,10
LTFRB_1071,,J,,,,16
LTFRB_1072,,J,,,,23
LTFRB_1073,,J,,,,23
LTFRB_1074,,J,,,,22
LTFRB_1075,,J,,,,22
LTFRB_1076,,J,,,,11
LTFRB_1077,,J,,,,33
LTFRB_1078,,J,,,,11
LTFRB_1079,,J,,,,9
LTFRB_1080,,J,,,,9
LTFRB_1081,,J,,,,10
LTFRB_1082,,J,,,,10
LTFRB_1083,,J,,,,10
LTFRB_1084,,J,,,,10
LTFRB_1085,,J,,,,10
LTFRB_1086,,J,,,,8
LTFRB_1087,,J,,,,8
LTFRB_1088,,J,,,,8
LTFRB_1089,,J,,,,6
LTFRB_109,,J,,,,51
LTFRB_1090,,J,,,,6
LTFRB_1091,,J,,,,6
LTFRB_1092,,J,,,,8
LTFRB_1093,,J,,,,8
LTFRB_1094,,J,,,,8
LTFRB_1095,,J,,,,8
LTFRB_1096,,J,,,,12
LTFRB_1097,,J,,,,11
LTFRB_1098,,J,,,,12
LTFRB_1099,,J,,,,12
LTFRB_11,,J,,,,18
LTFRB_110,,J,,,,62
LTFRB_1100,,J,,,,12
LTFRB_1101,,J,,,,12
LTFRB_1102,,J,,,,6
LTFRB_1103,,J,,,,6
LTFRB_1104,,J,,,,6
LTFRB_1105,,J,,,,6
LTFRB_1106,,J,,,,6
LTFRB_1107,,J,,,,6
LTFRB_1108,,J,,,,4
LTFRB_1109,,J,,,,4
LTFRB_111,,J,,,,71
LTFRB_1110,,J,,,,4
LTFRB_1111,,J,,,,4
LTFRB_1112,,J,,,,4
LTFRB_1113,,J,,,,4
LTFRB_1114,,J,,,,6
LTFRB_1115,,J,,,,4
LTFRB_1116,B,J,,,,18
LTFRB_1117,B,J,,,,23
LTFRB_1118,B,J,,,,19
LTFRB_1119,B,J,,,,23
LTFRB_112,,J,,,,71
LTFRB_1120,B,J,,,,23
LTFRB_1121,B,J,,,,24
LTFRB_1122,B,J,,,,24
LTFRB_1123,B,J,,,,23
LTFRB_1124,B,J,,,,23
LTFRB_1125,B,J,,,,24
LTFRB_1126,B,J,,,,23
LTFRB_1127,B,J,,,,23
LTFRB_1128,B,J,,,,23
LTFRB_1129,B,J,,,,24
LTFRB_113,,J,,,,56
LTFRB_1130,B,J,,,,17
LTFRB_1131,B,J,,,,17
LTFRB_1132,B,J,,,,21
LTFRB_1133,B,J,,,,24
LTFRB_1134,B,J,,,,23
LTFRB_1135,B,J,,,,23
LTFRB_1136,B,J,,,,24
LTFRB_1137,B,J,,,,24
LTFRB_1138,B,J,,,,20
LTFRB_1139,B,J,,,,52
LTFRB_114,,J,,,,7
LTFRB_1140,B,J,,,,91
LTFRB_1141,,J,,,,2
LTFRB_1142,,J,,,,1
LTFRB_1143,,J,,,,1
LTFRB_1144,,J,,,,2
LTFRB_1145,,J,,,,1
LTFRB_1146,,J,,,,2
LTFRB_1147,,J,,,,2
LTFRB_1148,,J,,,,2
LTFRB_1149,,J,,,,1
LTFRB_115,,J,,,,7
LTFRB_1150,B,J,,,,2
LTFRB_1151,B,J,,,,84
LTFRB_1152,B,J,,,,84
LTFRB_1153,B,J,,,,84
LTFRB_1154,B,J,,,,100
LTFRB_1155,B,J,,,,88
LTFRB_1156,B,J,,,,80
LTFRB_1157,,J,,,,3
LTFRB_1158,,J,,,,2
LTFRB_1159,B,J,,,,16
LTFRB_116,,J,,,,7
LTFRB_1160,B,J,,,,9
LTFRB_1161,,J,,,,2
LTFRB_1162,,J,,,,2
LTFRB_1163,B,J,,,,11
LTFRB_1164,,J,,,,3
LTFRB_1165,,J,,,,2
LTFRB_1166,,J,,,,2
LTFRB_1167,,J,,,,2
LTFRB_1168,,J,,,,2
LTFRB_1169,,J,,,,27
LTFRB_117,,J,,,,7
LTFRB_1170,,J,,,,31
LTFRB_1171,,J,,,,30
LTFRB_1172,,J,,,,30
LTFRB_1173,,J,,,,30
LTFRB_1174,,J,,,,22
LTFRB_1175,,J,,,,22
LTFRB_1176,,J,,,,8
LTFRB_1177,,J,,,,8
LTFRB_1178,,J,,,,8
LTFRB_1179,,J,,,,8
LTFRB_118,B,J,,,,13
LTFRB_1180,,J,,,,8
LTFRB_1181,,J,,,,8
LTFRB_1182,,J,,,,8
LTFRB_1183,,J,,,,8
LTFRB_1184,,J,,,,8
LTFRB_1185,,J,,,,8
LTFRB_1186,,J,,,,8
LTFRB_1187,,J,,,,8
LTFRB_1188,,J,,,,8
LTFRB_1189,,J,,,,2
LTFRB_119,B,J,,,,12
LTFRB_1190,,J,,,,2
LTFRB_1191,,J,,,,4
LTFRB_1192,,J,,,,22
LTFRB_1193,,J,,,,22
LTFRB_1194,,J,,,,22
LTFRB_1195,,J,,,,24
LTFRB_1196,,J,,,,24
LTFRB_1197,,J,,,,24
LTFRB_1198,,J,,,,28
LTFRB_1199,,J,,,,24
LTFRB_12,,J,,,,18
LTFRB_120,B,J,,,,12
LTFRB_1200,,J,,,,24
LTFRB_1201,,J,,,,24
LTFRB_1202,,J,,,,24
LTFRB_1203,,J,,,,24
LTFRB_1204,,J,,,,24
LTFRB_1205,,J,,,,10
LTFRB_1206,,J,,,,10
LTFRB_1207,,J,,,,9
LTFRB_1208,,J,,,,18
LTFRB_1209,,J,,,,10
LTFRB_121,B,J,,,,12
LTFRB_1210,,J,,,,10
LTFRB_1211,,J,,,,8
LTFRB_1212,,J,,,,10
LTFRB_1213,,J,,,,10
LTFRB_1214,,J,,,,12
LTFRB_1215,,J,,,,2
LTFRB_1216,,J,,,,2
LTFRB_1217,,J,,,,10
LTFRB_1218,,J,,,,12
LTFRB_1219,,J,,,,1
LTFRB_122,B,J,,,,11
LTFRB_1220,,J,,,,9
LTFRB_1221,,J,,,,3
LTFRB_1222,,J,,,,12
LTFRB_1223,,J,,,,2
LTFRB_1224,,J,,,,12
LTFRB_1225,,J,,,,12
LTFRB_1226,B,J,,,,24
LTFRB_1227,B,J,,,,18
LTFRB_1228,B,J,,,,12
LTFRB_1229,B,J,,,,10
LTFRB_123,,J,,,,1
LTFRB_1230,B,J,,,,13
LTFRB_1231,B,J,,,,15
LTFRB_1232,B,J,,,,25
LTFRB_1233,B,J,,,,27
LTFRB_1234,B,J,,,,26
LTFRB_1235,B,J,,,,100
LTFRB_1236,B,J,,,,38
LTFRB_1237,B,J,,,,73
LTFRB_1238,B,J,,,,85
LTFRB_1239,B,J,,,,88
LTFRB_124,,J,,,,1
LTFRB_1240,B,J,,,,33
LTFRB_1241,B,J,,,,70
LTFRB_1242,B,J,,,,40
LTFRB_1243,B,J,,,,71
LTFRB_1244,,J,,,,31
LTFRB_1245,,J,,,,24
LTFRB_1246,,J,,,,4
LTFRB_1247,,J,,,,5
LTFRB_1248,,J,,,,3
LTFRB_1249,,J,,,,1
LTFRB_125,,J,,,,1
LTFRB_1250,,J,,,,1
LTFRB_1251,,J,,,,1
LTFRB_1252,,J,,,,1
LTFRB_1253,,J,,,,1
LTFRB_1254,,J,,,,1
LTFRB_1255,,J,,,,1
LTFRB_1256,,J,,,,1
LTFRB_1257,,J,,,,17
LTFRB_1258,,J,,,,17
LTFRB_1259,B,J,,,,34
LTFRB_126,,J,,,,1
LTFRB_1260,B,J,,,,82
LTFRB_1261,B,J,,,,53
LTFRB_1262,B,J,,,,30
LTFRB_1263,,J,,,,2
LTFRB_1264,,J,,,,2
LTFRB_1265,,J,,,,2
LTFRB_1266,,J,,,,2
LTFRB_1267,,J,,,,2
LTFRB_1268,,J,,,,2
LTFRB_1269,,J,,,,2
LTFRB_127,,J,,,,8
LTFRB_1270,,J,,,,2
LTFRB_1271,,J,,,,2
LTFRB_1272,,J,,,,2
LTFRB_1273,,J,,,,2
LTFRB_1274,,J,,,,2
LTFRB_1275,,J,,,,2
LTFRB_1276,,J,,,,2
LTFRB_1277,,J,,,,2
LTFRB_1278,,J,,,,2
LTFRB_1279,,J,,,,14
LTFRB_128,,J,,,,7
LTFRB_1280,,J,,,,20
LTFRB_1281,,J,,,,20
LTFRB_1282,,J,,,,18
LTFRB_1283,,J,,,,36
LTFRB_1284,,J,,,,32
LTFRB_1285,,J,,,,32
LTFRB_1286,,J,,,,32
LTFRB_1287,,J,,,,32
LTFRB_1288,,J,,,,32
LTFRB_1289,,J,,,,32
LTFRB_129,,J,,,,7
LTFRB_1290,,J,,,,32
LTFRB_1291,,J,,,,32
LTFRB_1292,,J,,,,32
LTFRB_1293,,J,,,,29
LTFRB_1294,,J,,,,18
LTFRB_1295,,J,,,,20
LTFRB_1296,,J,,,,18
LTFRB_1297,,J,,,,18
LTFRB_1298,,J,,,,18
LTFRB_1299,,J,,,,18
LTFRB_13,,J,,,,18
LTFRB_130,,J,,,,7
LTFRB_1300,,J,,,,20
LTFRB_1301,B,J,,,,36
LTFRB_1302,,J,,,,2
LTFRB_1303,,J,,,,1
LTFRB_1304,,J,,,,1
LTFRB_1306,,J,,,,2
LTFRB_1307,,J,,,,1
LTFRB_1308,,J,,,,15
LTFRB_1309,,J,,,,16
LTFRB_131,,J,,,,7
LTFRB_1310,B,J,,,,18
LTFRB_1311,B,J,,,,22
LTFRB_1312,,J,,,,15
LTFRB_1313,B,J,,,,21
LTFRB_1314,B,J,,,,21
LTFRB_1315,B,J,,,,21
LTFRB_1316,B,J,,,,21
LTFRB_1317,B,J,,,,21
LTFRB_1318,B,J,,,,37
LTFRB_1319,,J,,,,3
LTFRB_132,,J,,,,8
LTFRB_1320,,J,,,,4
LTFRB_1321,,J,,,,4
LTFRB_1322,,J,,,,4
LTFRB_1323,,J,,,,4
LTFRB_1324,,J,,,,4
LTFRB_1325,,J,,,,4
LTFRB_1326,,J,,,,4
LTFRB_1327,,J,,,,17
LTFRB_1328,,J,,,,3
LTFRB_133,,J,,,,5
LTFRB_1330,,J,,,,2
LTFRB_1331,,J,,,,75
LTFRB_1332,,J,,,,2
LTFRB_1333,,J,,,,2
LTFRB_1334,,J,,,,67
LTFRB_1335,,J,,,,2
LTFRB_1336,,J,,,,2
LTFRB_1337,,J,,,,2
LTFRB_1338,,J,,,,2
LTFRB_1339,,J,,,,2
LTFRB_134,,J,,,,2
LTFRB_1340,,J,,,,2
LTFRB_1341,,J,,,,2
LTFRB_1342,,J,,,,7
LTFRB_1343,,J,,,,2
LTFRB_1344,,J,,,,2
LTFRB_1345,,J,,,,7
LTFRB_1346,,J,,,,9
LTFRB_1347,,J,,,,2
LTFRB_1348,,J,,,,2
LTFRB_1349,,J,,,,2
LTFRB_135,,J,,,,2
LTFRB_1350,,J,,,,4
LTFRB_1351,,J,,,,2
LTFRB_1352,,J,,,,2
LTFRB_1353,,J,,,,3
LTFRB_1354,,J,,,,2
LTFRB_1355,,J,,,,2
LTFRB_1356,,J,,,,2
LTFRB_1357,,J,,,,2
LTFRB_1358,,J,,,,2
LTFRB_1359,,J,,,,2
LTFRB_136,,J,,,,2
LTFRB_1360,,J,,,,2
LTFRB_1361,B,J,,,,71
LTFRB_1362,,J,,,,66
LTFRB_1363,B,J,,,,71
LTFRB_1364,B,J,,,,72
LTFRB_1365,B,J,,,,68
LTFRB_1366,,J,,,,65
LTFRB_1367,B,J,,,,73
LTFRB_1368,,J,,,,68
LTFRB_1369,B,J,,,,69
LTFRB_137,,J,,,,2
LTFRB_1370,,J,,,,62
LTFRB_1371,,J,,,,2
LTFRB_1372,,J,,,,2
LTFRB_1373,,J,,,,2
LTFRB_1374,,J,,,,2
LTFRB_1375,,J,,,,2
LTFRB_1376,,J,,,,24
LTFRB_1377,,J,,,,24
LTFRB_1378,,J,,,,24
LTFRB_1379,,J,,,,24
LTFRB_138,,J,,,,2
LTFRB_1380,,J,,,,24
LTFRB_1381,,J,,,,60
LTFRB_1382,,J,,,,59
LTFRB_1383,B,J,,,,59
LTFRB_1384,,J,,,,52
LTFRB_1385,,J,,,,18
LTFRB_1386,,J,,,,18
LTFRB_1387,,J,,,,18
LTFRB_1388,,J,,,,18
LTFRB_1389,,J,,,,18
LTFRB_139,,J,,,,2
LTFRB_1390,,J,,,,18
LTFRB_1391,,J,,,,17
LTFRB_1392,B,J,,,,43
LTFRB_1393,,J,,,,30
LTFRB_1394,,J,,,,28
LTFRB_1395,B,J,,,,32
LTFRB_1396,,J,,,,26
LTFRB_1397,B,J,,,,28
LTFRB_1398,,J,,,,31
LTFRB_1399,,J,,,,32
LTFRB_14,,J,,,,20
LTFRB_140,,J,,,,2
LTFRB_1400,B,J,,,,36
LTFRB_1401,,J,,,,33
LTFRB_1402,B,J,,,,37
LTFRB_1403,B,J,,,,38
LTFRB_1404,,J,,,,3
LTFRB_1405,,J,,,,2
LTFRB_1406,,J,,,,2
LTFRB_1407,,J,,,,2
LTFRB_1408,,J,,,,1
LTFRB_1409,B,J,,,,39
LTFRB_141,,J,,,,8
LTFRB_1410,B,J,,,,37
LTFRB_1411,B,J,,,,38
LTFRB_1412,B,J,,,,36
LTFRB_1413,B,J,,,,38
LTFRB_1414,B,J,,,,40
LTFRB_1415,,J,,,,7
LTFRB_1416,,J,,,,7
LTFRB_1417,,J,,,,7
LTFRB_1418,,J,,,,57
LTFRB_1419,B,J,,,,44
LTFRB_142,,J,,,,6
LTFRB_1421,,J,,,,1
LTFRB_1422,,J,,,,2
LTFRB_1423,,J,,,,1
LTFRB_1424,,J,,,,1
LTFRB_1425,,J,,,,2
LTFRB_1426,,J,,,,1
LTFRB_1427,,J,,,,23
LTFRB_1428,,J,,,,4
LTFRB_1429,,J,,,,56
LTFRB_143,,J,,,,6
LTFRB_1430,,J,,,,63
LTFRB_1431,,J,,,,9
LTFRB_1432,,J,,,,1
LTFRB_1433,,J,,,,4
LTFRB_1434,,J,,,,3
LTFRB_1435,,J,,,,15
LTFRB_1436,,J,,,,1
LTFRB_1437,B,J,,,,39
LTFRB_1438,,J,,,,7
LTFRB_1439,,J,,,,24
LTFRB_144,,J,,,,6
LTFRB_1440,,J,,,,85
LTFRB_1441,,J,,,,12
LTFRB_1442,,J,,,,51
LTFRB_1443,,J,,,,51
LTFRB_1444,,J,,,,46
LTFRB_1445,,J,,,,25
LTFRB_1446,,J,,,,25
LTFRB_1447,,J,,,,25
LTFRB_1448,,J,,,,24
LTFRB_1449,,J,,,,19
LTFRB_145,,J,,,,2
LTFRB_1450,,J,,,,19
LTFRB_1451,,J,,,,26
LTFRB_1452,,J,,,,28
LTFRB_1453,,J,,,,1
LTFRB_1454,,J,,,,6
LTFRB_1455,,J,,,,8
LTFRB_1456,,J,,,,6
LTFRB_1457,,J,,,,5
LTFRB_1458,,J,,,,6
LTFRB_1459,,J,,,,16
LTFRB_1460,,J,,,,5
LTFRB_1461,,J,,,,4
LTFRB_1462,,J,,,,5
LTFRB_1463,,J,,,,21
LTFRB_1466,,J,,,,1
LTFRB_1467,,J,,,,2
LTFRB_1468,,J,,,,25
LTFRB_1469,,J,,,,11
LTFRB_147,,J,,,,8
LTFRB_1470,,J,,,,87
LTFRB_1471,,J,,,,88
LTFRB_1472,,J,,,,87
LTFRB_1473,,J,,,,9
LTFRB_1474,,J,,,,1
LTFRB_1475,,J,,,,2
LTFRB_1476,B,J,,,,38
LTFRB_1477,B,J,,,,39
LTFRB_1478,B,J,,,,36
LTFRB_1479,,J,,,,2
LTFRB_148,,J,,,,8
LTFRB_1480,B,J,,,,9
LTFRB_1481,,J,,,,19
LTFRB_1482,,J,,,,7
LTFRB_1483,,J,,,,9
LTFRB_1484,,J,,,,7
LTFRB_1485,,J,,,,7
LTFRB_1486,,J,,,,6
LTFRB_1487,,J,,,,3
LTFRB_1488,,J,,,,6
LTFRB_1489,,J,,,,9
LTFRB_149,,J,,,,5
LTFRB_1490,,J,,,,9
LTFRB_1491,,J,,,,9
LTFRB_1492,,J,,,,9
LTFRB_1493,,J,,,,9
LTFRB_1494,,J,,,,2
LTFRB_1495,,J,,,,2
LTFRB_1496,B,J,,,,109
LTFRB_1497,,J,,,,2
LTFRB_1498,,J,,,,1
LTFRB_1499,B,J,,,,118
LTFRB_15,,J,,,,27
LTFRB_150,,J,,,,3
LTFRB_1500,B,J,,,,106
LTFRB_1501,B,J,,,,108
LTFRB_1502,B,J,,,,109
LTFRB_1503,,J,,,,3
LTFRB_1504,,J,,,,2
LTFRB_1505,,J,,,,2
LTFRB_1506,,J,,,,1
LTFRB_1507,B,J,,,,12
LTFRB_1508,B,J,,,,11
LTFRB_1509,B,J,,,,39
LTFRB_151,,J,,,,5
LTFRB_1510,,J,,,,45
LTFRB_1511,B,J,,,,63
LTFRB_1512,,J,,,,26
LTFRB_1514,,J,,,,9
LTFRB_1515,,J,,,,2
LTFRB_1516,B,J,,,,6
LTFRB_1517,B,J,,,,107
LTFRB_1518,B,J,,,,106
LTFRB_1519,B,J,,,,107
LTFRB_152,,J,,,,8
LTFRB_1520,,J,,,,5
LTFRB_1521,B,J,,,,139
LTFRB_1522,B,J,,,,109
LTFRB_1523,B,J,,,,9
LTFRB_1524,B,J,,,,33
LTFRB_1525,B,J,,,,180
LTFRB_1526,,J,,,,38
LTFRB_1527,B,J,,,,18
LTFRB_1528,B,J,,,,12
LTFRB_1529,B,J,,,,13
LTFRB_153,,J,,,,8
LTFRB_1530,,J,,,,19
LTFRB_1531,B,J,,,,16
LTFRB_1532,,J,,,,16
LTFRB_1533,,J,,,,16
LTFRB_1534,B,J,,,,18
LTFRB_1535,,J,,,,16
LTFRB_1536,B,J,,,,22
LTFRB_1537,B,J,,,,21
LTFRB_1538,,J,,,,92
LTFRB_1539,,J,,,,88
LTFRB_154,,J,,,,8
LTFRB_1540,,J,,,,88
LTFRB_1541,B,J,,,,3
LTFRB_1542,B,J,,,,6
LTFRB_1543,B,J,,,,5
LTFRB_1544,,J,,,,3
LTFRB_1545,,J,,,,7
LTFRB_1546,,J,,,,3
LTFRB_1547,,J,,,,5
LTFRB_1548,,J,,,,5
LTFRB_1549,B,J,,,,29
LTFRB_155,,J,,,,8
LTFRB_1550,,J,,,,25
LTFRB_1551,B,J,,,,37
LTFRB_1552,B,J,,,,17
LTFRB_1553,B,J,,,,13
LTFRB_1554,B,J,,,,17
LTFRB_1555,B,J,,,,18
LTFRB_1556,,J,,,,3
LTFRB_1557,,J,,,,5
LTFRB_1558,,J,,,,6
LTFRB_1559,,J,,,,4
LTFRB_156,,J,,,,8
LTFRB_1560,,J,,,,11
LTFRB_1561,B,J,,,,5
LTFRB_1562,,J,,,,15
LTFRB_1563,,J,,,,4
LTFRB_1564,,J,,,,2
LTFRB_1565,B,J,,,,19
LTFRB_1566,,J,,,,4
LTFRB_1567,,J,,,,12
LTFRB_1568,,J,,,,14
LTFRB_1569,,J,,,,11
LTFRB_157,,J,,,,8
LTFRB_1570,B,J,,,,11
LTFRB_1571,,J,,,,11
LTFRB_1572,B,J,,,,84
LTFRB_1573,,J,,,,94
LTFRB_1574,B,J,,,,92
LTFRB_1575,,J,,,,6
LTFRB_1576,,J,,,,2
LTFRB_1577,,J,,,,2
LTFRB_1578,,J,,,,4
LTFRB_1579,,J,,,,4
LTFRB_158,,J,,,,8
LTFRB_1580,,J,,,,4
LTFRB_1581,,J,,,,4
LTFRB_1582,,J,,,,4
LTFRB_1583,,J,,,,6
LTFRB_1584,,J,,,,10
LTFRB_1585,,J,,,,12
LTFRB_1586,,J,,,,8
LTFRB_1587,B,J,,,,10
LTFRB_1588,B,J,,,,6
LTFRB_1589,B,J,,,,8
LTFRB_159,,J,,,,8
LTFRB_1590,,J,,,,6
LTFRB_1591,,J,,,,6
LTFRB_1592,,J,,,,9
LTFRB_1593,,J,,,,5
LTFRB_1594,,J,,,,7
LTFRB_1595,,J,,,,16
LTFRB_1596,,J,,,,10
LTFRB_1597,,J,,,,8
LTFRB_1598,,J,,,,9
LTFRB_1599,,J,,,,12
LTFRB_16,,J,,,,27
LTFRB_160,,J,,,,8
LTFRB_1600,,J,,,,2
LTFRB_1601,,J,,,,2
LTFRB_1602,,J,,,,1
LTFRB_1603,,J,,,,4
LTFRB_1604,,J,,,,1
LTFRB_1605,,J,,,,3
LTFRB_1606,,J,,,,3
LTFRB_1607,,J,,,,3
LTFRB_1608,,J,,,,8
LTFRB_1609,,J,,,,7
LTFRB_161,,J,,,,6
LTFRB_1610,,J,,,,10
LTFRB_1611,,J,,,,3
LTFRB_1612,,J,,,,4
LTFRB_1613,,J,,,,41
LTFRB_1614,,J,,,,92
LTFRB_1615,,J,,,,57
LTFRB_1616,,J,,,,1
LTFRB_1617,,J,,,,4
LTFRB_1618,,J,,,,2
LTFRB_1619,,J,,,,3
LTFRB_162,,J,,,,8
LTFRB_1620,,J,,,,31
LTFRB_1621,B,J,,,,98
LTFRB_1622,B,J,,,,125
LTFRB_1623,B,J,,,,8
LTFRB_1624,,J,,,,17
LTFRB_1625,B,J,,,,22
LTFRB_1626,,J,,,,2
LTFRB_1627,,J,,,,20
LTFRB_1628,,J,,,,12
LTFRB_1629,,J,,,,10
LTFRB_163,,J,,,,8
LTFRB_1630,,J,,,,11
LTFRB_1631,,J,,,,29
LTFRB_1632,,J,,,,20
LTFRB_1633,,J,,,,4
LTFRB_1634,,J,,,,6
LTFRB_1635,,J,,,,30
LTFRB_1636,,J,,,,20
LTFRB_1637,,J,,,,19
LTFRB_1638,,J,,,,33
LTFRB_1639,,J,,,,45
LTFRB_164,,J,,,,6
LTFRB_1640,,J,,,,94
LTFRB_1641,,J,,,,103
LTFRB_1642,B,J,,,,192
LTFRB_1643,,J,,,,7
LTFRB_1644,B,J,,,,67
LTFRB_1645,B,J,,,,223
LTFRB_1646,B,J,,,,88
LTFRB_1647,,J,,,,4
LTFRB_1648,,J,,,,2
LTFRB_1649,,J,,,,4
LTFRB_165,,J,,,,8
LTFRB_1650,,J,,,,4
LTFRB_1651,B,J,,,,112
LTFRB_1652,B,J,,,,95
LTFRB_1653,B,J,,,,101
LTFRB_1654,B,J,,,,93
LTFRB_1655,B,J,,,,62
LTFRB_1656,,J,,,,8
LTFRB_1657,,J,,,,11
LTFRB_1658,,J,,,,48
LTFRB_1659,,J,,,,35
LTFRB_166,,J,,,,2
LTFRB_1660,,J,,,,91
LTFRB_1661,,J,,,,40
LTFRB_1662,,J,,,,1
LTFRB_1663,,J,,,,9
LTFRB_1664,,J,,,,38
LTFRB_1665,,J,,,,37
LTFRB_1666,,J,,,,11
LTFRB_1667,,J,,,,4
LTFRB_1668,,J,,,,43
LTFRB_1669,B,J,,,,40
LTFRB_167,,J,,,,2
LTFRB_1670,,J,,,,38
LTFRB_1671,,J,,,,37
LTFRB_1672,,J,,,,37
LTFRB_1673,,J,,,,37
LTFRB_1674,,J,,,,9
LTFRB_1675,,J,,,,8
LTFRB_1676,B,J,,,,62
LTFRB_1677,B,J,,,,59
LTFRB_1678,,J,,,,1
LTFRB_1679,,J,,,,1
LTFRB_168,,J,,,,2
LTFRB_1680,,J,,,,13
LTFRB_1681,,J,,,,13
LTFRB_1682,,J,,,,10
LTFRB_1683,,J,,,,34
LTFRB_1684,,J,,,,40
LTFRB_1685,,J,,,,8
LTFRB_1686,,J,,,,1
LTFRB_1687,,J,,,,8
LTFRB_1688,,J,,,,1
LTFRB_1689,,J,,,,25
LTFRB_169,,J,,,,2
LTFRB_1690,B,J,,,,12
LTFRB_1691,,J,,,,8
LTFRB_1692,,J,,,,8
LTFRB_1693,B,J,,,,8
LTFRB_1694,,J,,,,11
LTFRB_1695,,J,,,,4
LTFRB_1696,B,J,,,,49
LTFRB_1697,B,J,,,,42
LTFRB_1698,,J,,,,15
LTFRB_1699,,J,,,,26
LTFRB_17,,J,,,,27
LTFRB_170,,J,,,,6
LTFRB_1700,,J,,,,10
LTFRB_1701,,J,,,,67
LTFRB_1702,,J,,,,4
LTFRB_1703,,J,,,,81
LTFRB_1704,,J,,,,2
LTFRB_1705,,J,,,,2
LTFRB_1706,,J,,,,2
LTFRB_1707,,J,,,,2
LTFRB_1708,,J,,,,2
LTFRB_1709,,J,,,,2
LTFRB_171,,J,,,,6
LTFRB_1710,,J,,,,2
LTFRB_1711,,J,,,,10
LTFRB_1712,B,J,,,,110
LTFRB_1713,B,J,,,,68
LTFRB_1714,B,J,,,,50
LTFRB_1715,,J,,,,63
LTFRB_1716,,J,,,,4
LTFRB_1717,,J,,,,4
LTFRB_1718,,J,,,,1
LTFRB_1719,,J,,,,1
LTFRB_172,,J,,,,8
LTFRB_1720,,J,,,,3
LTFRB_1721,,J,,,,13
LTFRB_1722,,J,,,,55
LTFRB_1723,,J,,,,34
LTFRB_1724,,J,,,,6
LTFRB_1725,,J,,,,8
LTFRB_1726,,J,,,,7
LTFRB_1727,,J,,,,6
LTFRB_1728,B,J,,,,44
LTFRB_1729,B,J,,,,49
LTFRB_173,,J,,,,6
LTFRB_1730,B,J,,,,48
LTFRB_1731,,J,,,,56
LTFRB_1732,,J,,,,63
LTFRB_1733,,J,,,,37
LTFRB_1734,,J,,,,37
LTFRB_1735,,J,,,,39
LTFRB_1736,B,J,,,,63
LTFRB_1737,B,J,,,,39
LTFRB_1738,B,J,,,,29
LTFRB_1739,B,J,,,,32
LTFRB_174,,J,,,,8
LTFRB_1740,,J,,,,9
LTFRB_1741,,J,,,,5
LTFRB_1742,B,J,,,,88
LTFRB_1743,,J,,,,42
LTFRB_1744,,J,,,,41
LTFRB_1745,,J,,,,36
LTFRB_1746,,J,,,,3
LTFRB_1747,,J,,,,5
LTFRB_1748,,J,,,,4
LTFRB_1749,,J,,,,9
LTFRB_175,,J,,,,8
LTFRB_1750,,J,,,,18
LTFRB_1751,,J,,,,6
LTFRB_1752,,J,,,,3
LTFRB_1753,,J,,,,3
LTFRB_1754,,J,,,,4
LTFRB_1755,,J,,,,1
LTFRB_1756,,J,,,,1
LTFRB_1757,,J,,,,1
LTFRB_1758,,J,,,,6
LTFRB_1759,,J,,,,1
LTFRB_176,,J,,,,3
LTFRB_1760,,J,,,,1
LTFRB_1761,B,J,,,,40
LTFRB_1762,,J,,,,1
LTFRB_1763,,J,,,,1
LTFRB_1764,,J,,,,2
LTFRB_1765,,J,,,,1
LTFRB_1766,,J,,,,4
LTFRB_1767,,J,,,,9
LTFRB_1768,B,J,,,,35
LTFRB_1769,B,J,,,,41
LTFRB_177,,J,,,,9
LTFRB_1770,,J,,,,6
LTFRB_1771,B,J,,,,14
LTFRB_1772,B,J,,,,5
LTFRB_1773,B,J,,,,7
LTFRB_1774,B,J,,,,4
LTFRB_1775,B,J,,,,6
LTFRB_1776,B,J,,,,6
LTFRB_1777,,J,,,,8
LTFRB_1778,B,J,,,,174
LTFRB_1779,,J,,,,8
LTFRB_178,,J,,,,6
LTFRB_1780,,J,,,,6
LTFRB_1781,,J,,,,10
LTFRB_1782,B,J,,,,169
LTFRB_1783,B,J,,,,153
LTFRB_1784,B,J,,,,118
LTFRB_1785,B,J,,,,4
LTFRB_1786,B,J,,,,4
LTFRB_1787,,J,,,,1
LTFRB_1788,,J,,,,2
LTFRB_1789,,J,,,,1
LTFRB_179,,J,,,,5
LTFRB_1790,,J,,,,1
LTFRB_1791,,J,,,,5
LTFRB_1792,,J,,,,6
LTFRB_1793,,J,,,,6
LTFRB_1794,B,J,,,,52
LTFRB_1795,B,J,,,,41
LTFRB_1796,,J,,,,34
LTFRB_1797,,J,,,,3
LTFRB_1798,,J,,,,6
LTFRB_1799,,J,,,,6
LTFRB_18,,J,,,,27
LTFRB_180,,J,,,,5
LTFRB_1800,,J,,,,1
LTFRB_1801,,J,,,,1
LTFRB_1802,B,J,,,,6
LTFRB_1803,,J,,,,4
LTFRB_1804,,J,,,,4
LTFRB_1805,,J,,,,4
LTFRB_1806,,J,,,,4
LTFRB_1807,,J,,,,9
LTFRB_1808,,J,,,,3
LTFRB_1809,,J,,,,3
LTFRB_181,,J,,,,5
LTFRB_1810,,J,,,,3
LTFRB_1811,,J,,,,3
LTFRB_1812,,J,,,,8
LTFRB_1813,,J,,,,8
LTFRB_1814,,J,,,,8
LTFRB_1815,,J,,,,8
LTFRB_1816,,J,,,,1
LTFRB_1817,,J,,,,8
LTFRB_1818,,J,,,,35
LTFRB_1819,,J,,,,2
LTFRB_182,,J,,,,5
LTFRB_1820,,J,,,,39
LTFRB_1821,,J,,,,41
LTFRB_1822,B,J,,,,56
LTFRB_1823,,J,,,,1
LTFRB_1824,,J,,,,3
LTFRB_1825,,J,,,,3
LTFRB_1826,,J,,,,3
LTFRB_1827,,J,,,,3
LTFRB_1828,,J,,,,2
LTFRB_1829,,J,,,,2
LTFRB_183,,J,,,,5
LTFRB_1830,B,J,,,,33
LTFRB_1831,,J,,,,26
LTFRB_1832,,J,,,,26
LTFRB_1833,,J,,,,2
LTFRB_1834,,J,,,,2
LTFRB_1835,,J,,,,2
LTFRB_1836,,J,,,,2
LTFRB_1837,,J,,,,2
LTFRB_1838,,J,,,,25
LTFRB_1839,,J,,,,25
LTFRB_184,,J,,,,7
LTFRB_1840,,J,,,,26
LTFRB_1841,,J,,,,24
LTFRB_1842,,J,,,,25
LTFRB_1843,B,J,,,,19
LTFRB_1844,B,J,,,,28
LTFRB_1845,,J,,,,18
LTFRB_1846,,J,,,,35
LTFRB_1847,,J,,,,6
LTFRB_1848,,J,,,,6
LTFRB_1849,B,J,,,,12
LTFRB_185,,J,,,,7
LTFRB_1850,B,J,,,,23
LTFRB_1851,,J,,,,8
LTFRB_1852,B,J,,,,16
LTFRB_1853,B,J,,,,23
LTFRB_1854,B,J,,,,23
LTFRB_1855,,J,,,,12
LTFRB_1856,,J,,,,8
LTFRB_1857,,J,,,,8
LTFRB_1858,,J,,,,7
LTFRB_1859,,J,,,,7
LTFRB_186,,J,,,,15
LTFRB_1860,,J,,,,8
LTFRB_1861,B,J,,,,24
LTFRB_1862,,J,,,,19
LTFRB_1863,,J,,,,21
LTFRB_1864,,J,,,,18
LTFRB_1865,,J,,,,6
LTFRB_1866,,J,,,,6
LTFRB_1867,,J,,,,6
LTFRB_1868,,J,,,,8
LTFRB_1869,,J,,,,8
LTFRB_187,,J,,,,10
LTFRB_1870,,J,,,,8
LTFRB_1871,,J,,,,11
LTFRB_1872,,J,,,,11
LTFRB_1873,,J,,,,11
LTFRB_1874,,J,,,,12
LTFRB_1875,,J,,,,5
LTFRB_1876,B,J,,,,7
LTFRB_1877,B,J,,,,3
LTFRB_1878,,J,,,,21
LTFRB_1879,,J,,,,7
LTFRB_188,,J,,,,2
LTFRB_1880,,J,,,,3
LTFRB_1881,,J,,,,5
LTFRB_1882,,J,,,,2
LTFRB_1883,,J,,,,3
LTFRB_1884,,J,,,,3
LTFRB_1885,,J,,,,3
LTFRB_1887,,J,,,,3
LTFRB_1888,B,J,,,,9
LTFRB_1889,B,J,,,,9
LTFRB_189,,J,,,,2
LTFRB_1890,B,J,,,,7
LTFRB_1891,B,J,,,,5
LTFRB_1892,,J,,,,3
LTFRB_1893,B,J,,,,7
LTFRB_1894,B,J,,,,6
LTFRB_1895,B,J,,,,8
LTFRB_1896,B,J,,,,6
LTFRB_1897,B,J,,,,6
LTFRB_1898,B,J,,,,6
LTFRB_1899,B,J,,,,11
LTFRB_19,,J,,,,27
LTFRB_190,,J,,,,4
LTFRB_1900,B,J,,,,18
LTFRB_1901,,J,,,,5
LTFRB_1902,,J,,,,7
LTFRB_1903,B,J,,,,8
LTFRB_1904,,J,,,,11
LTFRB_1905,,J,,,,5
LTFRB_1906,,J,,,,8
LTFRB_1907,B,J,,,,2
LTFRB_1908,,J,,,,4
LTFRB_1909,,J,,,,1
LTFRB_191,,J,,,,4
LTFRB_1910,,J,,,,3
LTFRB_1911,,J,,,,3
LTFRB_1912,,J,,,,2
LTFRB_1913,,J,,,,1
LTFRB_1914,,J,,,,7
LTFRB_1915,,J,,,,1
LTFRB_1916,,J,,,,1
LTFRB_1917,,J,,,,3
LTFRB_1918,,J,,,,3
LTFRB_1919,,J,,,,4
LTFRB_192,,J,,,,4
LTFRB_1920,,J,,,,1
LTFRB_1921,,J,,,,13
LTFRB_1922,,J,,,,6
LTFRB_1923,,J,,,,1
LTFRB_1924,,J,,,,14
LTFRB_1925,,J,,,,23
LTFRB_1926,,J,,,,7
LTFRB_1927,,J,,,,4
LTFRB_1928,,J,,,,4
LTFRB_1929,B,J,,,,44
LTFRB_193,,J,,,,4
LTFRB_1930,B,J,,,,41
LTFRB_1931,,J,,,,3
LTFRB_1932,,J,,,,4
LTFRB_1933,B,J,,,,48
LTFRB_1934,B,J,,,,36
LTFRB_1935,,J,,,,8
LTFRB_1936,,J,,,,1
LTFRB_1937,,J,,,,1
LTFRB_1938,,J,,,,1
LTFRB_1939,,J,,,,2
LTFRB_194,,J,,,,5
LTFRB_1940,,J,,,,4
LTFRB_1941,,J,,,,4
LTFRB_1942,,J,,,,4
LTFRB_1943,,J,,,,4
LTFRB_1944,,J,,,,4
LTFRB_1945,,J,,,,1
LTFRB_1946,,J,,,,1
LTFRB_1947,,J,,,,1
LTFRB_1948,,J,,,,1
LTFRB_1949,B,J,,,,44
LTFRB_195,,J,,,,8
LTFRB_1950,B,J,,,,82
LTFRB_1951,B,J,,,,75
LTFRB_1952,B,J,,,,72
LTFRB_1953,,J,,,,1
LTFRB_1954,B,J,,,,4
LTFRB_1955,B,J,,,,4
LTFRB_1956,,J,,,,1
LTFRB_1957,,J,,,,1
LTFRB_1958,,J,,,,1
LTFRB_1959,B,J,,,,4
LTFRB_196,,J,,,,10
LTFRB_1960,,J,,,,4
LTFRB_1961,,J,,,,6
LTFRB_1962,,J,,,,3
LTFRB_1963,,J,,,,4
LTFRB_1964,,J,,,,4
LTFRB_1965,,J,,,,2
LTFRB_1966,,J,,,,3
LTFRB_1967,,J,,,,2
LTFRB_1968,,J,,,,11
LTFRB_1969,,J,,,,12
LTFRB_1970,B,J,,,,45
LTFRB_1971,B,J,,,,34
LTFRB_1972,,J,,,,1
LTFRB_1973,B,J,,,,22
LTFRB_1974,B,J,,,,37
LTFRB_1975,B,J,,,,17
LTFRB_1976,,J,,,,16
LTFRB_1977,,J,,,,23
LTFRB_1978,B,J,,,,13
LTFRB_1979,B,J,,,,29
LTFRB_198,,J,,,,10
LTFRB_1980,B,J,,,,23
LTFRB_1981,B,J,,,,105
LTFRB_1982,,J,,,,18
LTFRB_1983,,J,,,,16
LTFRB_1984,B,J,,,,125
LTFRB_1985,,J,,,,2
LTFRB_1986,,J,,,,3
LTFRB_1987,B,J,,,,16
LTFRB_1988,B,J,,,,46
LTFRB_1989,B,J,,,,153
LTFRB_199,,J,,,,12
LTFRB_1990,B,J,,,,154
LTFRB_1991,B,J,,,,155
LTFRB_1992,B,J,,,,160
LTFRB_1993,B,J,,,,17
LTFRB_1994,B,J,,,,14
LTFRB_1995,B,J,,,,16
LTFRB_1996,,J,,,,8
LTFRB_1997,,J,,,,6
LTFRB_1998,,J,,,,6
LTFRB_1999,B,J,,,,10
LTFRB_2,,J,,,,18
LTFRB_20,,J,,,,27
LTFRB_200,,J,,,,5
LTFRB_2000,B,J,,,,10
LTFRB_2001,B,J,,,,10
LTFRB_2002,,J,,,,9
LTFRB_2003,,J,,,,13
LTFRB_2004,,J,,,,11
LTFRB_2005,,J,,,,11
LTFRB_2006,,J,,,,11
LTFRB_2007,,J,,,,9
LTFRB_2008,,J,,,,7
LTFRB_2009,,J,,,,4
LTFRB_201,,J,,,,9
LTFRB_2010,,J,,,,4
LTFRB_2011,,J,,,,1
LTFRB_2012,,J,,,,5
LTFRB_2013,B,J,,,,8
LTFRB_2014,B,J,,,,8
LTFRB_2015,B,J,,,,14
LTFRB_2016,,J,,,,2
LTFRB_2017,,J,,,,6
LTFRB_2018,,J,,,,7
LTFRB_2019,B,J,,,,18
LTFRB_202,,J,,,,4
LTFRB_2020,B,J,,,,18
LTFRB_2021,B,J,,,,18
LTFRB_2022,,J,,,,11
LTFRB_2023,B,J,,,,7
LTFRB_2024,,J,,,,4
LTFRB_2025,,J,,,,4
LTFRB_2026,,J,,,,4
LTFRB_2027,,J,,,,4
LTFRB_2028,,J,,,,4
LTFRB_2029,,J,,,,4
LTFRB_203,,J,,,,8
LTFRB_2030,,J,,,,4
LTFRB_2031,,J,,,,4
LTFRB_2032,,J,,,,4
LTFRB_2033,,J,,,,4
LTFRB_2034,,J,,,,19
LTFRB_2035,,J,,,,7
LTFRB_2036,,J,,,,7
LTFRB_2037,,J,,,,16
LTFRB_2038,B,J,,,,23
LTFRB_2039,B,J,,,,31
LTFRB_204,,J,,,,8
LTFRB_2040,B,J,,,,28
LTFRB_2041,B,J,,,,24
LTFRB_2042,,J,,,,7
LTFRB_2043,,J,,,,2
LTFRB_2044,,J,,,,2
LTFRB_2045,,J,,,,2
LTFRB_2046,,J,,,,2
LTFRB_2047,,J,,,,3
LTFRB_2048,,J,,,,12
LTFRB_2049,,J,,,,11
LTFRB_205,,J,,,,4
LTFRB_2050,B,J,,,,19
LTFRB_2051,B,J,,,,20
LTFRB_2052,B,J,,,,20
LTFRB_2053,B,J,,,,20
LTFRB_2054,B,J,,,,19
LTFRB_2055,B,J,,,,141
LTFRB_2056,B,J,,,,116
LTFRB_2057,B,J,,,,151
LTFRB_2058,B,J,,,,151
LTFRB_2059,,J,,,,16
LTFRB_206,,J,,,,8
LTFRB_2060,,J,,,,8
LTFRB_2061,,J,,,,5
LTFRB_2062,,J,,,,16
LTFRB_2063,,J,,,,16
LTFRB_2064,,J,,,,16
LTFRB_2065,,J,,,,16
LTFRB_2066,,J,,,,7
LTFRB_2067,,J,,,,7
LTFRB_2068,,J,,,,7
LTFRB_2069,,J,,,,2
LTFRB_207,,J,,,,4
LTFRB_2070,,J,,,,6
LTFRB_2071,,J,,,,2
LTFRB_2072,,J,,,,59
LTFRB_2073,,J,,,,54
LTFRB_2074,,J,,,,53
LTFRB_2075,,J,,,,48
LTFRB_2076,,J,,,,47
LTFRB_2077,,J,,,,47
LTFRB_2078,,J,,,,47
LTFRB_2079,,J,,,,47
LTFRB_208,,J,,,,9
LTFRB_2080,,J,,,,47
LTFRB_2081,,J,,,,47
LTFRB_2082,,J,,,,24
LTFRB_2083,,J,,,,22
LTFRB_2084,,J,,,,32
LTFRB_2085,,J,,,,35
LTFRB_2086,,J,,,,26
LTFRB_2087,,J,,,,2
LTFRB_2088,,J,,,,2
LTFRB_2089,,J,,,,3
LTFRB_209,,J,,,,11
LTFRB_2090,,J,,,,1
LTFRB_2091,,J,,,,24
LTFRB_2092,,J,,,,24
LTFRB_2093,,J,,,,25
LTFRB_2094,,J,,,,25
LTFRB_2095,,J,,,,33
LTFRB_2096,B,J,,,,150
LTFRB_2097,,J,,,,4
LTFRB_2098,,J,,,,3
LTFRB_2099,,J,,,,2
LTFRB_21,,J,,,,27
LTFRB_210,,J,,,,5
LTFRB_2100,,J,,,,1
LTFRB_2101,,J,,,,4
LTFRB_2102,,J,,,,8
LTFRB_2103,,J,,,,4
LTFRB_2104,,J,,,,13
LTFRB_2105,,J,,,,13
LTFRB_2106,,J,,,,13
LTFRB_2107,,J,,,,13
LTFRB_2108,,J,,,,16
LTFRB_2109,,J,,,,24
LTFRB_211,,J,,,,5
LTFRB_2110,,J,,,,27
LTFRB_2111,,J,,,,44
LTFRB_2112,,J,,,,17
LTFRB_2113,,J,,,,9
LTFRB_2114,,J,,,,9
LTFRB_2115,,J,,,,9
LTFRB_2116,B,J,,,,128
LTFRB_2117,,J,,,,32
LTFRB_2118,,J,,,,31
LTFRB_2119,,J,,,,34
LTFRB_212,,J,,,,8
LTFRB_2120,,J,,,,40
LTFRB_2121,,J,,,,38
LTFRB_2122,,J,,,,44
LTFRB_2123,,J,,,,2
LTFRB_2124,,J,,,,9
LTFRB_2125,,J,,,,9
LTFRB_2126,,J,,,,4
LTFRB_2127,,J,,,,2
LTFRB_2128,,J,,,,4
LTFRB_2129,,J,,,,1
LTFRB_213,,J,,,,13
LTFRB_2130,,J,,,,1
LTFRB_2131,,J,,,,1
LTFRB_2132,,J,,,,2
LTFRB_2133,,J,,,,1
LTFRB_2134,,J,,,,1
LTFRB_2135,,J,,,,1
LTFRB_2136,,J,,,,4
LTFRB_2137,,J,,,,3
LTFRB_2138,,J,,,,2
LTFRB_2139,,J,,,,3
LTFRB_214,,J,,,,8
LTFRB_2140,,J,,,,8
LTFRB_2141,,J,,,,4
LTFRB_2142,,J,,,,11
LTFRB_2143,,J,,,,12
LTFRB_2144,B,J,,,,16
LTFRB_2145,B,J,,,,14
LTFRB_2146,B,J,,,,16
LTFRB_2147,B,J,,,,11
LTFRB_2148,B,J,,,,10
LTFRB_2149,,J,,,,9
LTFRB_215,,J,,,,8
LTFRB_2150,,J,,,,9
LTFRB_2151,B,J,,,,13
LTFRB_2152,B,J,,,,13
LTFRB_2153,B,J,,,,13
LTFRB_2154,B,J,,,,13
LTFRB_2155,B,J,,,,13
LTFRB_2156,,J,,,,4
LTFRB_2157,,J,,,,4
LTFRB_2158,,J,,,,4
LTFRB_2159,,J,,,,9
LTFRB_216,,J,,,,15
LTFRB_2160,B,J,,,,80
LTFRB_2161,,J,,,,6
LTFRB_2162,,J,,,,6
LTFRB_2163,,J,,,,16
LTFRB_2164,,J,,,,9
LTFRB_2165,,J,,,,8
LTFRB_2166,,J,,,,7
LTFRB_2167,,J,,,,25
LTFRB_2168,,J,,,,3
LTFRB_2169,,J,,,,28
LTFRB_217,,J,,,,10
LTFRB_2170,,J,,,,12
LTFRB_2171,,J,,,,3
LTFRB_2172,,J,,,,9
LTFRB_2173,,J,,,,6
LTFRB_2174,,J,,,,16
LTFRB_2175,B,J,,,,63
LTFRB_2176,,J,,,,19
LTFRB_2177,B,J,,,,54
LTFRB_2178,B,J,,,,51
LTFRB_2179,,J,,,,5
LTFRB_218,,J,,,,12
LTFRB_2180,,J,,,,13
LTFRB_2181,,J,,,,2
LTFRB_2182,,J,,,,18
LTFRB_2183,,J,,,,7
LTFRB_2184,,J,,,,6
LTFRB_2185,,J,,,,11
LTFRB_2186,B,J,,,,36
LTFRB_2187,,J,,,,2
LTFRB_2188,,J,,,,2
LTFRB_2189,,J,,,,5
LTFRB_219,,J,,,,6
LTFRB_2190,,J,,,,5
LTFRB_2191,,J,,,,13
LTFRB_2192,,J,,,,9
LTFRB_2193,,J,,,,2
LTFRB_2194,,J,,,,1
LTFRB_2195,,J,,,,1
LTFRB_2196,,J,,,,1
LTFRB_2197,,J,,,,32
LTFRB_2198,,J,,,,34
LTFRB_2199,,J,,,,38
LTFRB_22,,J,,,,27
LTFRB_220,,J,,,,2
LTFRB_2200,,J,,,,40
LTFRB_2201,,J,,,,39
LTFRB_2202,,J,,,,39
LTFRB_2203,,J,,,,24
LTFRB_2204,,J,,,,40
LTFRB_2205,,J,,,,41
LTFRB_2206,,J,,,,44
LTFRB_2207,,J,,,,41
LTFRB_2208,B,J,,,,45
LTFRB_2209,,J,,,,47
LTFRB_221,,J,,,,4
LTFRB_2210,,J,,,,20
LTFRB_2211,,J,,,,11
LTFRB_2212,,J,,,,13
LTFRB_2213,,J,,,,1
LTFRB_2214,,J,,,,2
LTFRB_2215,,J,,,,1
LTFRB_2216,,J,,,,1
LTFRB_2217,,J,,,,12
LTFRB_2218,,J,,,,12
LTFRB_2219,,J,,,,17
LTFRB_222,,J,,,,7
LTFRB_2220,,J,,,,4
LTFRB_2221,,J,,,,4
LTFRB_2222,,J,,,,4
LTFRB_2223,,J,,,,4
LTFRB_2224,,J,,,,4
LTFRB_2225,,J,,,,4
LTFRB_2226,,J,,,,4
LTFRB_2227,,J,,,,4
LTFRB_2228,,J,,,,4
LTFRB_2229,,J,,,,4
LTFRB_223,,J,,,,7
LTFRB_2230,,J,,,,2
LTFRB_2231,,J,,,,2
LTFRB_2232,,J,,,,2
LTFRB_2233,,J,,,,2
LTFRB_2234,,J,,,,3
LTFRB_2235,,J,,,,5
LTFRB_2236,,J,,,,1
LTFRB_2237,,J,,,,3
LTFRB_2238,,J,,,,3
LTFRB_2239,,J,,,,3
LTFRB_224,,J,,,,7
LTFRB_2240,,J,,,,18
LTFRB_2241,,J,,,,10
LTFRB_2242,,J,,,,10
LTFRB_2243,,J,,,,10
LTFRB_2244,,J,,,,10
LTFRB_2245,,J,,,,12
LTFRB_2246,B,J,,,,89
LTFRB_2247,B,J,,,,70
LTFRB_2248,B,J,,,,70
LTFRB_2249,B,J,,,,71
LTFRB_225,,J,,,,7
LTFRB_2250,B,J,,,,73
LTFRB_2251,B,J,,,,66
LTFRB_2252,B,J,,,,66
LTFRB_2253,,J,,,,2
LTFRB_2254,,J,,,,2
LTFRB_2255,,J,,,,14
LTFRB_2256,,J,,,,14
LTFRB_2257,,J,,,,2
LTFRB_2258,,J,,,,2
LTFRB_2259,,J,,,,4
LTFRB_226,,J,,,,7
LTFRB_2260,,J,,,,4
LTFRB_2261,,J,,,,4
LTFRB_2262,,J,,,,4
LTFRB_2263,,J,,,,5
LTFRB_2264,,J,,,,5
LTFRB_2265,,J,,,,8
LTFRB_2266,,J,,,,9
LTFRB_2267,,J,,,,5
LTFRB_2268,,J,,,,5
LTFRB_2269,,J,,,,6
LTFRB_227,,J,,,,4
LTFRB_2270,,J,,,,6
LTFRB_2271,,J,,,,6
LTFRB_2272,,J,,,,7
LTFRB_2273,,J,,,,11
LTFRB_2274,,J,,,,5
LTFRB_2275,,J,,,,5
LTFRB_2276,,J,,,,5
LTFRB_2277,,J,,,,4
LTFRB_2278,,J,,,,2
LTFRB_2279,,J,,,,1
LTFRB_228,,J,,,,4
LTFRB_2280,,J,,,,1
LTFRB_2281,,J,,,,1
LTFRB_2282,,J,,,,2
LTFRB_2283,,J,,,,13
LTFRB_2284,,J,,,,10
LTFRB_2285,,J,,,,6
LTFRB_2286,,J,,,,8
LTFRB_2287,,J,,,,2
LTFRB_2288,B,J,,,,24
LTFRB_2289,B,J,,,,28
LTFRB_229,,J,,,,4
LTFRB_2290,B,J,,,,28
LTFRB_2291,B,J,,,,32
LTFRB_2292,B,J,,,,18
LTFRB_2293,B,J,,,,31
LTFRB_2294,B,J,,,,29
LTFRB_2295,B,J,,,,16
LTFRB_2296,B,J,,,,15
LTFRB_2297,B,J,,,,4
LTFRB_2298,B,J,,,,4
LTFRB_2299,B,J,,,,4
LTFRB_23,,J,,,,27
LTFRB_230,,J,,,,4
LTFRB_2300,B,J,,,,21
LTFRB_2301,B,J,,,,77
LTFRB_2302,B,J,,,,73
LTFRB_2303,B,J,,,,68
LTFRB_2304,B,J,,,,31
LTFRB_2305,B,J,,,,31
LTFRB_2306,B,J,,,,32
LTFRB_2307,B,J,,,,22
LTFRB_2308,B,J,,,,23
LTFRB_2309,B,J,,,,23
LTFRB_231,,J,,,,4
LTFRB_2310,B,J,,,,24
LTFRB_2311,B,J,,,,25
LTFRB_2312,B,J,,,,25
LTFRB_2313,B,J,,,,25
LTFRB_2314,B,J,,,,23
LTFRB_2315,B,J,,,,14
LTFRB_2316,B,J,,,,16
LTFRB_2317,B,J,,,,19
LTFRB_2318,B,J,,,,18
LTFRB_2319,,J,,,,13
LTFRB_232,,J,,,,4
LTFRB_2320,,J,,,,12
LTFRB_2321,,J,,,,21
LTFRB_2322,,J,,,,12
LTFRB_2323,,J,,,,2
LTFRB_2324,,J,,,,11
LTFRB_2325,,J,,,,11
LTFRB_2326,,J,,,,10
LTFRB_2327,,J,,,,4
LTFRB_2328,,J,,,,7
LTFRB_2329,,J,,,,26
LTFRB_233,,J,,,,3
LTFRB_2330,,J,,,,13
LTFRB_2331,,J,,,,20
LTFRB_2332,,J,,,,19
LTFRB_2333,,J,,,,7
LTFRB_2334,,J,,,,20
LTFRB_2335,,J,,,,7
LTFRB_2336,,J,,,,19
LTFRB_2337,,J,,,,19
LTFRB_2338,,J,,,,20
LTFRB_2339,,J,,,,19
LTFRB_234,,J,,,,3
LTFRB_2340,B,J,,,,52
LTFRB_2341,B,J,,,,40
LTFRB_2342,B,J,,,,36
LTFRB_2343,,J,,,,2
LTFRB_2344,,J,,,,2
LTFRB_2345,,J,,,,2
LTFRB_2346,,J,,,,2
LTFRB_2347,,J,,,,2
LTFRB_2348,,J,,,,13
LTFRB_2349,,J,,,,13
LTFRB_235,,J,,,,5
LTFRB_2350,,J,,,,13
LTFRB_2351,,J,,,,13
LTFRB_2352,,J,,,,13
LTFRB_2353,,J,,,,13
LTFRB_2354,,J,,,,13
LTFRB_2355,,J,,,,13
LTFRB_2356,,J,,,,13
LTFRB_2357,,J,,,,13
LTFRB_2358,B,J,,,,43
LTFRB_2359,B,J,,,,23
LTFRB_236,,J,,,,6
LTFRB_2360,B,J,,,,15
LTFRB_2361,B,J,,,,27
LTFRB_2362,,J,,,,12
LTFRB_2363,,J,,,,12
LTFRB_2364,,J,,,,12
LTFRB_2365,,J,,,,12
LTFRB_2366,,J,,,,12
LTFRB_2367,,J,,,,12
LTFRB_2368,,J,,,,12
LTFRB_2369,,J,,,,12
LTFRB_237,,J,,,,8
LTFRB_2370,,J,,,,12
LTFRB_2371,,J,,,,12
LTFRB_2372,,J,,,,14
LTFRB_2373,,J,,,,14
LTFRB_2374,,J,,,,11
LTFRB_2375,,J,,,,14
LTFRB_2376,,J,,,,14
LTFRB_2377,,J,,,,14
LTFRB_2378,,J,,,,14
LTFRB_2379,,J,,,,14
LTFRB_238,,J,,,,7
LTFRB_2380,,J,,,,14
LTFRB_2381,,J,,,,14
LTFRB_2382,,J,,,,14
LTFRB_2383,,J,,,,16
LTFRB_2384,,J,,,,16
LTFRB_2385,,J,,,,16
LTFRB_2386,,J,,,,16
LTFRB_2387,,J,,,,16
LTFRB_2388,,J,,,,16
LTFRB_2389,,J,,,,16
LTFRB_239,,J,,,,9
LTFRB_2390,,J,,,,18
LTFRB_2391,,J,,,,18
LTFRB_2392,,J,,,,18
LTFRB_2393,,J,,,,18
LTFRB_2394,,J,,,,17
LTFRB_2395,B,J,,,,23
LTFRB_2396,B,J,,,,14
LTFRB_2397,B,J,,,,2
LTFRB_2398,,J,,,,1
LTFRB_2399,,J,,,,2
LTFRB_24,,J,,,,27
LTFRB_240,,J,,,,9
LTFRB_2400,B,J,,,,13
LTFRB_2401,B,J,,,,15
LTFRB_2402,B,J,,,,11
LTFRB_2403,,J,,,,13
LTFRB_2404,,J,,,,15
LTFRB_2405,,J,,,,21
LTFRB_2406,,J,,,,19
LTFRB_2407,,J,,,,19
LTFRB_2408,,J,,,,19
LTFRB_2409,,J,,,,19
LTFRB_241,,J,,,,9
LTFRB_2410,,J,,,,19
LTFRB_2411,,J,,,,16
LTFRB_2412,,J,,,,19
LTFRB_2413,,J,,,,19
LTFRB_2414,B,J,,,,29
LTFRB_2415,,J,,,,15
LTFRB_2416,,J,,,,16
LTFRB_2417,B,J,,,,22
LTFRB_2418,B,J,,,,19
LTFRB_2419,B,J,,,,22
LTFRB_242,,J,,,,9
LTFRB_2420,,J,,,,2
LTFRB_2421,B,J,,,,18
LTFRB_2422,B,J,,,,18
LTFRB_2423,B,J,,,,18
LTFRB_2424,B,J,,,,17
LTFRB_2425,B,J,,,,18
LTFRB_2426,B,J,,,,18
LTFRB_2427,B,J,,,,16
LTFRB_2428,B,J,,,,15
LTFRB_2429,B,J,,,,16
LTFRB_243,,J,,,,9
LTFRB_2430,B,J,,,,16
LTFRB_2431,B,J,,,,16
LTFRB_2432,B,J,,,,16
LTFRB_2433,B,J,,,,16
LTFRB_2434,B,J,,,,15
LTFRB_2435,B,J,,,,16
LTFRB_2436,B,J,,,,16
LTFRB_2437,B,J,,,,16
LTFRB_2438,B,J,,,,14
LTFRB_2439,B,J,,,,15
LTFRB_244,,J,,,,9
LTFRB_2440,B,J,,,,16
LTFRB_2441,B,J,,,,16
LTFRB_2442,B,J,,,,12
LTFRB_2443,B,J,,,,16
LTFRB_2444,B,J,,,,13
LTFRB_2445,,J,,,,4
LTFRB_2446,,J,,,,4
LTFRB_2447,B,J,,,,10
LTFRB_2448,B,J,,,,10
LTFRB_2449,B,J,,,,6
LTFRB_245,,J,,,,9
LTFRB_2450,B,J,,,,6
LTFRB_2451,B,J,,,,4
LTFRB_2452,B,J,,,,4
LTFRB_2453,B,J,,,,4
LTFRB_2454,B,J,,,,4
LTFRB_2455,,J,,,,2
LTFRB_2456,,J,,,,2
LTFRB_2457,,J,,,,2
LTFRB_2458,,J,,,,2
LTFRB_2459,,J,,,,2
LTFRB_246,,J,,,,9
LTFRB_2460,,J,,,,2
LTFRB_2461,,J,,,,2
LTFRB_2462,,J,,,,2
LTFRB_2463,,J,,,,2
LTFRB_2464,,J,,,,2
LTFRB_2465,B,J,,,,19
LTFRB_2466,B,J,,,,19
LTFRB_2467,B,J,,,,19
LTFRB_2468,B,J,,,,19
LTFRB_2469,B,J,,,,17
LTFRB_247,,J,,,,10
LTFRB_2470,B,J,,,,17
LTFRB_2471,B,J,,,,13
LTFRB_2472,B,J,,,,14
LTFRB_2473,B,J,,,,12
LTFRB_2474,,J,,,,18
LTFRB_2475,B,J,,,,22
LTFRB_2476,B,J,,,,22
LTFRB_2477,B,J,,,,22
LTFRB_2478,B,J,,,,18
LTFRB_2479,B,J,,,,18
LTFRB_248,,J,,,,10
LTFRB_2480,B,J,,,,18
LTFRB_2481,B,J,,,,18
LTFRB_2482,B,J,,,,18
LTFRB_2483,B,J,,,,18
LTFRB_2484,B,J,,,,16
LTFRB_2485,B,J,,,,16
LTFRB_2486,B,J,,,,16
LTFRB_2487,B,J,,,,15
LTFRB_2488,B,J,,,,15
LTFRB_2489,B,J,,,,16
LTFRB_249,,J,,,,13
LTFRB_2490,B,J,,,,16
LTFRB_2491,B,J,,,,16
LTFRB_2492,B,J,,,,13
LTFRB_2493,B,J,,,,16
LTFRB_2494,B,J,,,,14
LTFRB_2495,B,J,,,,16
LTFRB_2496,B,J,,,,16
LTFRB_2497,B,J,,,,16
LTFRB_2498,B,J,,,,16
LTFRB_2499,,J,,,,4
LTFRB_25,,J,,,,27
LTFRB_250,,J,,,,9
LTFRB_2500,B,J,,,,4
LTFRB_2501,B,J,,,,10
LTFRB_2502,B,J,,,,9
LTFRB_2503,B,J,,,,5
LTFRB_2504,B,J,,,,4
LTFRB_2505,B,J,,,,4
LTFRB_2506,B,J,,,,4
LTFRB_2507,,J,,,,2
LTFRB_2508,,J,,,,2
LTFRB_2509,,J,,,,2
LTFRB_251,,J,,,,11
LTFRB_2510,,J,,,,2
LTFRB_2511,,J,,,,2
LTFRB_2512,,J,,,,2
LTFRB_2513,,J,,,,2
LTFRB_2514,,J,,,,2
LTFRB_2515,,J,,,,2
LTFRB_2516,B,J,,,,6
LTFRB_2517,,J,,,,8
LTFRB_2518,B,J,,,,22
LTFRB_2519,B,J,,,,22
LTFRB_252,,J,,,,11
LTFRB_2520,,J,,,,4
LTFRB_2521,,J,,,,4
LTFRB_2522,,J,,,,4
LTFRB_2523,,J,,,,4
LTFRB_2524,,J,,,,4
LTFRB_2525,,J,,,,4
LTFRB_2526,,J,,,,4
LTFRB_2527,,J,,,,4
LTFRB_2528,,J,,,,4
LTFRB_2529,,J,,,,4
LTFRB_253,,J,,,,11
LTFRB_2530,,J,,,,4
LTFRB_2531,,J,,,,4
LTFRB_2532,,J,,,,4
LTFRB_2533,,J,,,,4
LTFRB_2534,,J,,,,4
LTFRB_2535,,J,,,,4
LTFRB_2536,,J,,,,4
LTFRB_2537,,J,,,,4
LTFRB_2538,,J,,,,4
LTFRB_2539,,J,,,,4
LTFRB_254,,J,,,,11
LTFRB_2540,,J,,,,4
LTFRB_2541,,J,,,,4
LTFRB_2542,,J,,,,4
LTFRB_2543,,J,,,,5
LTFRB_2544,,J,,,,5
LTFRB_2545,,J,,,,5
LTFRB_2546,,J,,,,4
LTFRB_2547,,J,,,,5
LTFRB_2548,,J,,,,5
LTFRB_2549,,J,,,,5
LTFRB_255,,J,,,,11
LTFRB_2550,,J,,,,6
LTFRB_2551,,J,,,,6
LTFRB_2552,,J,,,,6
LTFRB_2553,,J,,,,6
LTFRB_2554,,J,,,,4
LTFRB_2555,,J,,,,4
LTFRB_2556,,J,,,,2
LTFRB_2557,,J,,,,2
LTFRB_2558,,J,,,,2
LTFRB_2559,,J,,,,2
LTFRB_256,,J,,,,11
LTFRB_2560,,J,,,,4
LTFRB_2561,,J,,,,4
LTFRB_2562,,J,,,,4
LTFRB_2563,,J,,,,4
LTFRB_2564,,J,,,,4
LTFRB_2565,,J,,,,4
LTFRB_2566,,J,,,,4
LTFRB_2567,,J,,,,4
LTFRB_2568,,J,,,,4
LTFRB_2569,,J,,,,4
LTFRB_257,B,J,,,,19
LTFRB_2570,,J,,,,4
LTFRB_2571,,J,,,,4
LTFRB_2572,,J,,,,4
LTFRB_2573,,J,,,,4
LTFRB_2574,,J,,,,4
LTFRB_2575,,J,,,,4
LTFRB_2576,,J,,,,4
LTFRB_2577,,J,,,,4
LTFRB_2578,,J,,,,4
LTFRB_2579,,J,,,,4
LTFRB_258,,J,,,,7
LTFRB_2580,,J,,,,3
LTFRB_2581,,J,,,,4
LTFRB_2582,,J,,,,2
LTFRB_2583,,J,,,,2
LTFRB_2584,,J,,,,2
LTFRB_2585,,J,,,,2
LTFRB_2586,,J,,,,2
LTFRB_2587,,J,,,,2
LTFRB_2588,,J,,,,2
LTFRB_2589,,J,,,,2
LTFRB_259,,J,,,,7
LTFRB_2590,,J,,,,2
LTFRB_2591,,J,,,,2
LTFRB_2592,,J,,,,2
LTFRB_2593,,J,,,,2
LTFRB_2594,,J,,,,2
LTFRB_2595,,J,,,,2
LTFRB_2596,,J,,,,2
LTFRB_2597,,J,,,,6
LTFRB_2598,,J,,,,6
LTFRB_2599,,J,,,,6
LTFRB_26,,J,,,,29
LTFRB_260,B,J,,,,17
LTFRB_2600,,J,,,,6
LTFRB_2601,,J,,,,6
LTFRB_2602,,J,,,,6
LTFRB_2603,,J,,,,6
LTFRB_2604,,J,,,,6
LTFRB_2605,,J,,,,6
LTFRB_2606,,J,,,,6
LTFRB_2607,,J,,,,6
LTFRB_2608,,J,,,,6
LTFRB_2609,,J,,,,5
LTFRB_261,,J,,,,5
LTFRB_2610,,J,,,,3
LTFRB_2611,,J,,,,3
LTFRB_2612,,J,,,,3
LTFRB_2613,B,J,,,,53
LTFRB_2614,B,J,,,,53
LTFRB_2615,B,J,,,,43
LTFRB_2616,B,J,,,,50
LTFRB_2617,B,J,,,,46
LTFRB_2618,B,J,,,,49
LTFRB_2619,B,J,,,,51
LTFRB_262,,J,,,,2
LTFRB_2620,B,J,,,,40
LTFRB_2621,B,J,,,,29
LTFRB_2622,B,J,,,,59
LTFRB_2623,,J,,,,4
LTFRB_2624,,J,,,,4
LTFRB_2625,,J,,,,4
LTFRB_2626,,J,,,,4
LTFRB_2627,,J,,,,4
LTFRB_2628,,J,,,,4
LTFRB_2629,,J,,,,4
LTFRB_263,B,J,,,,19
LTFRB_2630,,J,,,,4
LTFRB_2631,,J,,,,4
LTFRB_2632,,J,,,,6
LTFRB_2633,,J,,,,6
LTFRB_2634,,J,,,,6
LTFRB_2635,,J,,,,6
LTFRB_2636,,J,,,,6
LTFRB_2637,,J,,,,6
LTFRB_2638,,J,,,,5
LTFRB_2639,,J,,,,10
LTFRB_264,B,J,,,,37
LTFRB_2640,,J,,,,18
LTFRB_2641,,J,,,,12
LTFRB_2642,,J,,,,12
LTFRB_2643,,J,,,,14
LTFRB_2644,,J,,,,13
LTFRB_2645,B,J,,,,15
LTFRB_2646,B,J,,,,15
LTFRB_2647,B,J,,,,14
LTFRB_2648,B,J,,,,14
LTFRB_2649,B,J,,,,14
LTFRB_265,,J,,,,7
LTFRB_2650,B,J,,,,14
LTFRB_2651,B,J,,,,18
LTFRB_2652,B,J,,,,18
LTFRB_2653,B,J,,,,21
LTFRB_2654,B,J,,,,24
LTFRB_2655,B,J,,,,30
LTFRB_2656,B,J,,,,27
LTFRB_2657,B,J,,,,20
LTFRB_2658,B,J,,,,20
LTFRB_2659,B,J,,,,20
LTFRB_266,B,J,,,,9
LTFRB_2660,B,J,,,,20
LTFRB_2661,B,J,,,,20
LTFRB_2662,B,J,,,,20
LTFRB_2663,B,J,,,,20
LTFRB_2664,B,J,,,,20
LTFRB_2665,B,J,,,,20
LTFRB_2666,B,J,,,,20
LTFRB_2667,B,J,,,,20
LTFRB_2668,B,J,,,,20
LTFRB_2669,B,J,,,,20
LTFRB_267,B,J,,,,9
LTFRB_2670,B,J,,,,20
LTFRB_2671,B,J,,,,20
LTFRB_2672,B,J,,,,20
LTFRB_2673,B,J,,,,20
LTFRB_2674,B,J,,,,20
LTFRB_2675,B,J,,,,22
LTFRB_2676,,J,,,,1
LTFRB_2677,,J,,,,1
LTFRB_2678,,J,,,,3
LTFRB_2679,,J,,,,14
LTFRB_268,B,J,,,,16
LTFRB_2680,,J,,,,14
LTFRB_2681,,J,,,,14
LTFRB_2682,,J,,,,14
LTFRB_2683,,J,,,,14
LTFRB_2684,,J,,,,14
LTFRB_2685,,J,,,,14
LTFRB_2686,,J,,,,14
LTFRB_2687,,J,,,,12
LTFRB_2688,,J,,,,13
LTFRB_2689,,J,,,,1
LTFRB_269,B,J,,,,23
LTFRB_2690,,J,,,,10
LTFRB_2691,,J,,,,10
LTFRB_2692,,J,,,,10
LTFRB_2693,,J,,,,9
LTFRB_2694,,J,,,,9
LTFRB_2695,,J,,,,9
LTFRB_2696,,J,,,,7
LTFRB_2697,,J,,,,7
LTFRB_2698,,J,,,,5
LTFRB_2699,,J,,,,2
LTFRB_27,,J,,,,29
LTFRB_270,B,J,,,,17
LTFRB_2700,,J,,,,2
LTFRB_2701,,J,,,,2
LTFRB_2702,,J,,,,2
LTFRB_2703,,J,,,,1
LTFRB_2704,,J,,,,1
LTFRB_2705,,J,,,,1
LTFRB_2706,,J,,,,1
LTFRB_2707,,J,,,,6
LTFRB_2708,,J,,,,7
LTFRB_2709,B,J,,,,23
LTFRB_271,B,J,,,,16
LTFRB_2710,B,J,,,,20
LTFRB_2711,B,J,,,,33
LTFRB_2712,B,J,,,,24
LTFRB_2713,B,J,,,,24
LTFRB_2714,B,J,,,,23
LTFRB_2715,B,J,,,,24
LTFRB_2716,B,J,,,,24
LTFRB_2717,B,J,,,,27
LTFRB_2718,B,J,,,,24
LTFRB_2719,B,J,,,,12
LTFRB_272,B,J,,,,18
LTFRB_2720,B,J,,,,12
LTFRB_2721,B,J,,,,11
LTFRB_2722,B,J,,,,12
LTFRB_2723,B,J,,,,12
LTFRB_2724,B,J,,,,12
LTFRB_2725,B,J,,,,12
LTFRB_2726,B,J,,,,12
LTFRB_2727,B,J,,,,12
LTFRB_2728,B,J,,,,12
LTFRB_2729,B,J,,,,13
LTFRB_273,,J,,,,3
LTFRB_2730,B,J,,,,13
LTFRB_2731,B,J,,,,10
LTFRB_2732,,J,,,,1
LTFRB_2733,,J,,,,7
LTFRB_2734,,J,,,,7
LTFRB_2735,,J,,,,7
LTFRB_2736,,J,,,,7
LTFRB_2737,,J,,,,4
LTFRB_2738,,J,,,,4
LTFRB_2739,,J,,,,3
LTFRB_274,B,J,,,,4
LTFRB_2740,,J,,,,4
LTFRB_2741,,J,,,,4
LTFRB_2742,,J,,,,3
LTFRB_2743,,J,,,,4
LTFRB_2744,,J,,,,4
LTFRB_2745,,J,,,,3
LTFRB_2746,,J,,,,7
LTFRB_2747,,J,,,,4
LTFRB_2748,,J,,,,4
LTFRB_2749,,J,,,,4
LTFRB_275,,J,,,,8
LTFRB_2750,,J,,,,4
LTFRB_2751,,J,,,,4
LTFRB_2752,,J,,,,1
LTFRB_2753,,J,,,,1
LTFRB_2754,,J,,,,1
LTFRB_2755,,J,,,,1
LTFRB_2756,,J,,,,1
LTFRB_2757,,J,,,,12
LTFRB_2758,,J,,,,8
LTFRB_2759,B,J,,,,6
LTFRB_276,,J,,,,9
LTFRB_2760,,J,,,,2
LTFRB_2761,B,J,,,,4
LTFRB_2762,,J,,,,2
LTFRB_2763,,J,,,,2
LTFRB_2764,B,J,,,,4
LTFRB_2765,B,J,,,,4
LTFRB_2766,B,J,,,,4
LTFRB_2767,,J,,,,2
LTFRB_2768,,J,,,,2
LTFRB_2769,,J,,,,2
LTFRB_277,,J,,,,10
LTFRB_2770,,J,,,,2
LTFRB_2771,,J,,,,2
LTFRB_2772,,J,,,,2
LTFRB_2773,,J,,,,2
LTFRB_2774,,J,,,,2
LTFRB_2775,,J,,,,2
LTFRB_2776,,J,,,,2
LTFRB_2777,,J,,,,2
LTFRB_2778,,J,,,,2
LTFRB_2779,,J,,,,2
LTFRB_278,,J,,,,10
LTFRB_2780,,J,,,,2
LTFRB_2781,,J,,,,2
LTFRB_2782,,J,,,,2
LTFRB_2783,,J,,,,2
LTFRB_2784,,J,,,,2
LTFRB_2785,,J,,,,1
LTFRB_2786,,J,,,,1
LTFRB_2787,,J,,,,1
LTFRB_2788,,J,,,,1
LTFRB_2789,,J,,,,1
LTFRB_279,B,J,,,,12
LTFRB_2790,,J,,,,1
LTFRB_2791,B,J,,,,3
LTFRB_2792,B,J,,,,2
LTFRB_2793,B,J,,,,3
LTFRB_2794,,J,,,,1
LTFRB_2795,,J,,,,1
LTFRB_2796,B,J,,,,3
LTFRB_2797,B,J,,,,2
LTFRB_2798,,J,,,,1
LTFRB_2799,,J,,,,1
LTFRB_28,,J,,,,31
LTFRB_280,B,J,,,,27
LTFRB_2800,,J,,,,1
LTFRB_2801,,J,,,,4
LTFRB_2802,,J,,,,4
LTFRB_2803,,J,,,,4
LTFRB_2804,,J,,,,4
LTFRB_2805,,J,,,,4
LTFRB_2806,,J,,,,4
LTFRB_2807,,J,,,,4
LTFRB_2808,,J,,,,4
LTFRB_2809,,J,,,,4
LTFRB_281,B,J,,,,14
LTFRB_2810,,J,,,,4
LTFRB_2811,,J,,,,4
LTFRB_2812,,J,,,,18
LTFRB_2813,B,J,,,,12
LTFRB_2814,B,J,,,,12
LTFRB_2815,B,J,,,,12
LTFRB_2816,B,J,,,,12
LTFRB_2817,B,J,,,,12
LTFRB_2818,B,J,,,,12
LTFRB_2819,B,J,,,,12
LTFRB_282,B,J,,,,24
LTFRB_2820,B,J,,,,13
LTFRB_2821,B,J,,,,13
LTFRB_2822,,J,,,,3
LTFRB_2823,,J,,,,3
LTFRB_2824,,J,,,,3
LTFRB_2825,,J,,,,4
LTFRB_2826,,J,,,,4
LTFRB_2827,,J,,,,4
LTFRB_2828,,J,,,,4
LTFRB_2829,,J,,,,4
LTFRB_283,B,J,,,,19
LTFRB_2830,,J,,,,4
LTFRB_2831,,J,,,,4
LTFRB_2832,,J,,,,4
LTFRB_2833,,J,,,,4
LTFRB_2834,,J,,,,4
LTFRB_2835,,J,,,,4
LTFRB_2836,,J,,,,4
LTFRB_2837,,J,,,,6
LTFRB_2838,,J,,,,6
LTFRB_2839,,J,,,,6
LTFRB_284,B,J,,,,17
LTFRB_2840,,J,,,,3
LTFRB_2841,,J,,,,3
LTFRB_2842,,J,,,,7
LTFRB_2843,,J,,,,7
LTFRB_2844,,J,,,,7
LTFRB_2845,,J,,,,7
LTFRB_2846,,J,,,,11
LTFRB_2847,,J,,,,11
LTFRB_2848,,J,,,,12
LTFRB_2849,,J,,,,12
LTFRB_285,B,J,,,,20
LTFRB_2850,B,J,,,,11
LTFRB_2851,B,J,,,,12
LTFRB_2852,B,J,,,,21
LTFRB_2853,B,J,,,,16
LTFRB_2854,B,J,,,,21
LTFRB_2855,B,J,,,,21
LTFRB_2856,B,J,,,,27
LTFRB_2857,B,J,,,,21
LTFRB_2858,B,J,,,,28
LTFRB_2859,B,J,,,,23
LTFRB_286,,J,,,,6
LTFRB_2860,B,J,,,,26
LTFRB_2861,B,J,,,,26
LTFRB_2862,B,J,,,,26
LTFRB_2863,B,J,,,,26
LTFRB_2864,B,J,,,,21
LTFRB_2865,B,J,,,,26
LTFRB_2866,B,J,,,,19
LTFRB_2867,B,J,,,,19
LTFRB_2868,,J,,,,14
LTFRB_2869,,J,,,,18
LTFRB_287,,J,,,,9
LTFRB_2870,,J,,,,18
LTFRB_2871,,J,,,,18
LTFRB_2872,,J,,,,18
LTFRB_2873,,J,,,,18
LTFRB_2874,,J,,,,18
LTFRB_2875,,J,,,,18
LTFRB_2876,B,J,,,,24
LTFRB_2877,B,J,,,,24
LTFRB_2878,B,J,,,,23
LTFRB_2879,B,J,,,,24
LTFRB_288,B,J,,,,25
LTFRB_2880,B,J,,,,24
LTFRB_2881,B,J,,,,27
LTFRB_2882,B,J,,,,56
LTFRB_2883,B,J,,,,40
LTFRB_2884,B,J,,,,54
LTFRB_2885,B,J,,,,42
LTFRB_2886,B,J,,,,35
LTFRB_2887,B,J,,,,54
LTFRB_2888,B,J,,,,55
LTFRB_2889,B,J,,,,34
LTFRB_289,B,J,,,,25
LTFRB_2890,,J,,,,10
LTFRB_2891,B,J,,,,27
LTFRB_2892,B,J,,,,44
LTFRB_2893,B,J,,,,44
LTFRB_2894,B,J,,,,46
LTFRB_2895,B,J,,,,45
LTFRB_2896,B,J,,,,48
LTFRB_2897,B,J,,,,34
LTFRB_2898,B,J,,,,26
LTFRB_2899,B,J,,,,29
LTFRB_29,,J,,,,2
LTFRB_290,B,J,,,,25
LTFRB_2900,,J,,,,11
LTFRB_2901,,J,,,,3
LTFRB_2902,B,J,,,,8
LTFRB_2903,B,J,,,,15
LTFRB_2904,B,J,,,,70
LTFRB_2905,B,J,,,,61
LTFRB_2906,B,J,,,,64
LTFRB_2907,B,J,,,,69
LTFRB_2908,B,J,,,,54
LTFRB_2909,B,J,,,,63
LTFRB_291,B,J,,,,17
LTFRB_2910,B,J,,,,62
LTFRB_2911,B,J,,,,61
LTFRB_2912,B,J,,,,54
LTFRB_2913,B,J,,,,65
LTFRB_2914,,J,,,,1
LTFRB_2915,,J,,,,1
LTFRB_2916,,J,,,,1
LTFRB_2917,,J,,,,1
LTFRB_2918,,J,,,,7
LTFRB_2919,,J,,,,6
LTFRB_292,B,J,,,,25
LTFRB_2920,,J,,,,7
LTFRB_2921,,J,,,,6
LTFRB_2922,,J,,,,6
LTFRB_2923,,J,,,,5
LTFRB_2924,,J,,,,3
LTFRB_2925,,J,,,,3
LTFRB_2926,,J,,,,8
LTFRB_2927,,J,,,,7
LTFRB_2928,,J,,,,7
LTFRB_2929,,J,,,,7
LTFRB_293,B,J,,,,22
LTFRB_2930,B,J,,,,9
LTFRB_2931,,J,,,,6
LTFRB_2932,,J,,,,4
LTFRB_2933,,J,,,,4
LTFRB_2934,B,J,,,,5
LTFRB_2935,,J,,,,3
LTFRB_2936,,J,,,,2
LTFRB_2937,,J,,,,2
LTFRB_2938,,J,,,,2
LTFRB_2939,,J,,,,2
LTFRB_294,,J,,,,6
LTFRB_2940,,J,,,,2
LTFRB_2941,,J,,,,2
LTFRB_2942,,J,,,,1
LTFRB_2943,,J,,,,9
LTFRB_2944,,J,,,,1
LTFRB_2945,,J,,,,1
LTFRB_2946,,J,,,,1
LTFRB_2947,,J,,,,1
LTFRB_2948,,J,,,,4
LTFRB_2949,,J,,,,4
LTFRB_295,,J,,,,4
LTFRB_2950,,J,,,,4
LTFRB_2951,,J,,,,4
LTFRB_2952,,J,,,,4
LTFRB_2953,,J,,,,4
LTFRB_2954,,J,,,,2
LTFRB_2955,,J,,,,10
LTFRB_2956,,J,,,,8
LTFRB_2957,,J,,,,8
LTFRB_2958,,J,,,,6
LTFRB_2959,,J,,,,6
LTFRB_296,,J,,,,4
LTFRB_2960,,J,,,,6
LTFRB_2961,,J,,,,8
LTFRB_2962,,J,,,,8
LTFRB_2963,,J,,,,8
LTFRB_2964,,J,,,,8
LTFRB_2965,,J,,,,8
LTFRB_2966,,J,,,,8
LTFRB_2967,,J,,,,8
LTFRB_2968,,J,,,,8
LTFRB_2969,,J,,,,8
LTFRB_297,,J,,,,6
LTFRB_2970,,J,,,,8
LTFRB_2971,,J,,,,8
LTFRB_2972,,J,,,,8
LTFRB_2973,,J,,,,8
LTFRB_2974,,J,,,,8
LTFRB_2975,,J,,,,8
LTFRB_2976,,J,,,,8
LTFRB_2977,,J,,,,8
LTFRB_2978,,J,,,,8
LTFRB_2979,,J,,,,8
LTFRB_298,,J,,,,4
LTFRB_2980,,J,,,,7
LTFRB_2981,,J,,,,7
LTFRB_2982,,J,,,,1
LTFRB_2983,,J,,,,8
LTFRB_2984,,J,,,,12
LTFRB_2985,,J,,,,12
LTFRB_2986,,J,,,,14
LTFRB_2987,,J,,,,14
LTFRB_2988,,J,,,,14
LTFRB_2989,,J,,,,14
LTFRB_299,,J,,,,4
LTFRB_2990,,J,,,,15
LTFRB_2991,,J,,,,15
LTFRB_2992,,J,,,,2
LTFRB_2993,,J,,,,2
LTFRB_2994,,J,,,,7
LTFRB_2995,,J,,,,14
LTFRB_2996,,J,,,,14
LTFRB_2997,,J,,,,12
LTFRB_2998,,J,,,,5
LTFRB_2999,,J,,,,12
LTFRB_3,,J,,,,16
LTFRB_30,,J,,,,32
LTFRB_300,,J,,,,2
LTFRB_3000,,J,,,,16
LTFRB_3001,,J,,,,23
LTFRB_3002,,J,,,,22
LTFRB_3003,,J,,,,22
LTFRB_3004,,J,,,,23
LTFRB_3005,,J,,,,15
LTFRB_3006,,J,,,,32
LTFRB_3007,,J,,,,6
LTFRB_3008,,J,,,,5
LTFRB_3009,,J,,,,7
LTFRB_301,,J,,,,2
LTFRB_3010,,J,,,,2
LTFRB_3011,,J,,,,15
LTFRB_3012,,J,,,,13
LTFRB_3013,,J,,,,13
LTFRB_3014,,J,,,,21
LTFRB_3015,,J,,,,9
LTFRB_3016,,J,,,,9
LTFRB_3017,,J,,,,9
LTFRB_3018,,J,,,,9
LTFRB_302,,J,,,,2
LTFRB_3020,,J,,,,25
LTFRB_3021,,J,,,,6
LTFRB_3022,,J,,,,6
LTFRB_3023,,J,,,,6
LTFRB_3024,,J,,,,6
LTFRB_3025,,J,,,,6
LTFRB_3026,,J,,,,6
LTFRB_3027,,J,,,,6
LTFRB_3028,,J,,,,6
LTFRB_3029,,J,,,,6
LTFRB_303,,J,,,,2
LTFRB_3030,,J,,,,6
LTFRB_3031,,J,,,,6
LTFRB_3032,,J,,,,11
LTFRB_3033,,J,,,,11
LTFRB_3034,B,J,,,,61
LTFRB_3035,,J,,,,48
LTFRB_3036,,J,,,,50
LTFRB_3037,,J,,,,8
LTFRB_3038,,J,,,,7
LTFRB_3039,,J,,,,12
LTFRB_304,,J,,,,2
LTFRB_3040,,J,,,,12
LTFRB_3041,,J,,,,12
LTFRB_3042,,J,,,,12
LTFRB_3043,,J,,,,12
LTFRB_3044,,J,,,,12
LTFRB_3045,,J,,,,12
LTFRB_3046,,J,,,,11
LTFRB_3047,,J,,,,1
LTFRB_3048,,J,,,,5
LTFRB_3049,,J,,,,6
LTFRB_305,,J,,,,2
LTFRB_3050,,J,,,,1
LTFRB_3051,B,J,,,,7
LTFRB_3052,,J,,,,7
LTFRB_3053,B,J,,,,10
LTFRB_3054,B,J,,,,10
LTFRB_3055,B,J,,,,7
LTFRB_3056,B,J,,,,8
LTFRB_3057,B,J,,,,9
LTFRB_3058,B,J,,,,9
LTFRB_3059,,J,,,,8
LTFRB_306,,J,,,,2
LTFRB_3060,B,J,,,,10
LTFRB_3061,B,J,,,,10
LTFRB_3062,B,J,,,,10
LTFRB_3063,B,J,,,,8
LTFRB_3064,B,J,,,,9
LTFRB_3065,B,J,,,,10
LTFRB_3066,B,J,,,,11
LTFRB_3067,B,J,,,,13
LTFRB_3068,B,J,,,,12
LTFRB_3069,B,J,,,,11
LTFRB_307,,J,,,,3
LTFRB_3070,B,J,,,,13
LTFRB_3071,B,J,,,,6
LTFRB_3072,,J,,,,4
LTFRB_3073,,J,,,,4
LTFRB_3074,,J,,,,4
LTFRB_3075,,J,,,,4
LTFRB_3076,,J,,,,4
LTFRB_3077,,J,,,,4
LTFRB_3078,,J,,,,4
LTFRB_3079,,J,,,,4
LTFRB_308,,J,,,,1
LTFRB_3080,,J,,,,1
LTFRB_3081,,J,,,,2
LTFRB_3082,,J,,,,2
LTFRB_3083,,J,,,,2
LTFRB_3084,,J,,,,2
LTFRB_3085,B,J,,,,3
LTFRB_3086,,J,,,,2
LTFRB_3087,,J,,,,2
LTFRB_3088,,J,,,,3
LTFRB_3089,,J,,,,4
LTFRB_309,,J,,,,1
LTFRB_3090,B,J,,,,7
LTFRB_3091,,J,,,,1
LTFRB_3092,,J,,,,4
LTFRB_3093,B,J,,,,8
LTFRB_3094,,J,,,,3
LTFRB_3095,B,J,,,,4
LTFRB_3096,B,J,,,,4
LTFRB_3097,B,J,,,,3
LTFRB_3098,B,J,,,,3
LTFRB_3099,B,J,,,,3
LTFRB_31,,J,,,,32
LTFRB_310,,J,,,,3
LTFRB_3100,B,J,,,,3
LTFRB_3101,B,J,,,,3
LTFRB_3102,B,J,,,,3
LTFRB_3103,B,J,,,,3
LTFRB_3104,,J,,,,5
LTFRB_3105,,J,,,,5
LTFRB_3106,,J,,,,5
LTFRB_3107,,J,,,,9
LTFRB_3108,,J,,,,19
LTFRB_3109,,J,,,,20
LTFRB_311,,J,,,,9
LTFRB_3110,,J,,,,19
LTFRB_3111,,J,,,,12
LTFRB_3112,,J,,,,9
LTFRB_3113,,J,,,,10
LTFRB_3114,,J,,,,10
LTFRB_3115,,J,,,,2
LTFRB_3116,,J,,,,4
LTFRB_3117,,J,,,,4
LTFRB_3118,,J,,,,4
LTFRB_3119,,J,,,,4
LTFRB_312,,J,,,,3
LTFRB_3120,B,J,,,,4
LTFRB_3121,,J,,,,9
LTFRB_3122,,J,,,,7
LTFRB_3123,,J,,,,9
LTFRB_3125,,J,,,,14
LTFRB_3126,,J,,,,5
LTFRB_3127,,J,,,,6
LTFRB_3128,,J,,,,2
LTFRB_3129,,J,,,,3
LTFRB_313,,J,,,,3
LTFRB_3130,,J,,,,6
LTFRB_3131,,J,,,,22
LTFRB_3132,,J,,,,23
LTFRB_3133,,J,,,,16
LTFRB_3134,,J,,,,16
LTFRB_3135,,J,,,,16
LTFRB_3136,,J,,,,16
LTFRB_3137,,J,,,,20
LTFRB_3138,,J,,,,13
LTFRB_3139,,J,,,,5
LTFRB_314,,J,,,,4
LTFRB_3140,,J,,,,4
LTFRB_3141,,J,,,,4
LTFRB_3142,,J,,,,4
LTFRB_3143,,J,,,,10
LTFRB_3144,,J,,,,10
LTFRB_3145,,J,,,,11
LTFRB_3146,,J,,,,10
LTFRB_3147,,J,,,,10
LTFRB_3148,,J,,,,10
LTFRB_3149,,J,,,,10
LTFRB_315,,J,,,,4
LTFRB_3150,,J,,,,10
LTFRB_3151,,J,,,,10
LTFRB_3152,,J,,,,11
LTFRB_3153,,J,,,,18
LTFRB_3154,,J,,,,13
LTFRB_3155,,J,,,,13
LTFRB_3156,,J,,,,13
LTFRB_3157,,J,,,,13
LTFRB_3158,,J,,,,13
LTFRB_3159,,J,,,,5
LTFRB_316,,J,,,,5
LTFRB_3160,,J,,,,5
LTFRB_3161,,J,,,,5
LTFRB_3162,,J,,,,5
LTFRB_3163,,J,,,,4
LTFRB_3164,,J,,,,10
LTFRB_3165,,J,,,,17
LTFRB_3166,,J,,,,10
LTFRB_3167,B,J,,,,42
LTFRB_3168,B,J,,,,30
LTFRB_3169,B,J,,,,27
LTFRB_317,B,J,,,,10
LTFRB_3170,,J,,,,20
LTFRB_3171,,J,,,,16
LTFRB_3172,,J,,,,17
LTFRB_3173,,J,,,,22
LTFRB_3174,,J,,,,17
LTFRB_3175,,J,,,,18
LTFRB_3176,,J,,,,19
LTFRB_3177,,J,,,,19
LTFRB_3178,,J,,,,23
LTFRB_3179,,J,,,,20
LTFRB_318,B,J,,,,18
LTFRB_3180,,J,,,,16
LTFRB_3181,,J,,,,9
LTFRB_3182,,J,,,,10
LTFRB_3183,,J,,,,4
LTFRB_3184,,J,,,,24
LTFRB_3185,B,J,,,,31
LTFRB_3186,B,J,,,,27
LTFRB_3187,B,J,,,,27
LTFRB_3188,,J,,,,2
LTFRB_3189,,J,,,,3
LTFRB_319,,J,,,,5
LTFRB_3190,B,J,,,,28
LTFRB_3191,,J,,,,15
LTFRB_3192,B,J,,,,13
LTFRB_3193,,J,,,,1
LTFRB_3194,,J,,,,1
LTFRB_3195,,J,,,,1
LTFRB_3196,,J,,,,1
LTFRB_3197,,J,,,,1
LTFRB_3198,,J,,,,2
LTFRB_3199,B,J,,,,43
LTFRB_32,,J,,,,32
LTFRB_320,,J,,,,5
LTFRB_3200,B,J,,,,34
LTFRB_3201,B,J,,,,46
LTFRB_3202,,J,,,,1
LTFRB_3203,,J,,,,1
LTFRB_3204,,J,,,,1
LTFRB_3205,,J,,,,1
LTFRB_3206,,J,,,,3
LTFRB_3207,B,J,,,,8
LTFRB_3208,B,J,,,,8
LTFRB_3209,,J,,,,2
LTFRB_321,,J,,,,71
LTFRB_3210,,J,,,,2
LTFRB_3211,,J,,,,1
LTFRB_3212,,J,,,,1
LTFRB_3213,,J,,,,1
LTFRB_3214,,J,,,,2
LTFRB_3215,,J,,,,1
LTFRB_3216,,J,,,,6
LTFRB_3217,,J,,,,6
LTFRB_3218,,J,,,,6
LTFRB_3219,,J,,,,6
LTFRB_3220,,J,,,,6
LTFRB_3221,,J,,,,6
LTFRB_3222,,J,,,,6
LTFRB_3223,,J,,,,6
LTFRB_3224,,J,,,,6
LTFRB_3225,,J,,,,3
LTFRB_3226,,J,,,,6
LTFRB_3227,,J,,,,5
LTFRB_3228,,J,,,,3
LTFRB_3229,,J,,,,3
LTFRB_323,,J,,,,9
LTFRB_3230,,J,,,,3
LTFRB_3231,,J,,,,3
LTFRB_3232,,J,,,,3
LTFRB_3233,,J,,,,3
LTFRB_3234,,J,,,,3
LTFRB_3235,,J,,,,2
LTFRB_3236,,J,,,,1
LTFRB_3237,,J,,,,1
LTFRB_3238,,J,,,,1
LTFRB_3239,,J,,,,1
LTFRB_324,,J,,,,5
LTFRB_3240,,J,,,,1
LTFRB_3241,,J,,,,19
LTFRB_3242,,J,,,,24
LTFRB_3243,,J,,,,25
LTFRB_3244,,J,,,,17
LTFRB_3245,,J,,,,14
LTFRB_3246,,J,,,,16
LTFRB_3247,,J,,,,18
LTFRB_3248,,J,,,,13
LTFRB_3249,,J,,,,5
LTFRB_325,,J,,,,7
LTFRB_3250,,J,,,,10
LTFRB_3251,,J,,,,10
LTFRB_3252,,J,,,,10
LTFRB_3253,,J,,,,3
LTFRB_3254,,J,,,,2
LTFRB_3255,,J,,,,3
LTFRB_3256,,J,,,,2
LTFRB_3257,,J,,,,12
LTFRB_3258,,J,,,,2
LTFRB_3259,,J,,,,2
LTFRB_326,,J,,,,6
LTFRB_3260,,J,,,,2
LTFRB_3261,,J,,,,2
LTFRB_3262,,J,,,,2
LTFRB_3263,,J,,,,2
LTFRB_3264,,J,,,,2
LTFRB_3265,,J,,,,2
LTFRB_3266,,J,,,,2
LTFRB_3267,,J,,,,2
LTFRB_3268,,J,,,,2
LTFRB_3269,,J,,,,2
LTFRB_327,,J,,,,12
LTFRB_3270,,J,,,,2
LTFRB_3271,,J,,,,2
LTFRB_3272,,J,,,,2
LTFRB_3273,,J,,,,2
LTFRB_3274,,J,,,,2
LTFRB_3275,,J,,,,2
LTFRB_3276,,J,,,,2
LTFRB_3277,,J,,,,2
LTFRB_3278,,J,,,,2
LTFRB_3279,,J,,,,2
LTFRB_328,,J,,,,23
LTFRB_3280,B,J,,,,44
LTFRB_3281,,J,,,,33
LTFRB_3282,B,J,,,,42
LTFRB_3283,,J,,,,3
LTFRB_3284,,J,,,,3
LTFRB_3285,,J,,,,6
LTFRB_3286,,J,,,,9
LTFRB_3287,,J,,,,10
LTFRB_3288,,J,,,,10
LTFRB_3289,,J,,,,10
LTFRB_329,,J,,,,6
LTFRB_3290,,J,,,,10
LTFRB_3291,,J,,,,10
LTFRB_3292,,J,,,,10
LTFRB_3293,,J,,,,10
LTFRB_3294,,J,,,,13
LTFRB_3295,,J,,,,17
LTFRB_3296,,J,,,,17
LTFRB_3297,,J,,,,4
LTFRB_3298,,J,,,,3
LTFRB_3299,,J,,,,3
LTFRB_33,,J,,,,32
LTFRB_330,,J,,,,8
LTFRB_3300,,J,,,,1
LTFRB_3301,,J,,,,4
LTFRB_3302,,J,,,,1
LTFRB_3303,,J,,,,1
LTFRB_3304,,J,,,,1
LTFRB_3305,,J,,,,1
LTFRB_3306,,J,,,,1
LTFRB_3307,,J,,,,1
LTFRB_3308,,J,,,,1
LTFRB_3309,,J,,,,1
LTFRB_331,,J,,,,6
LTFRB_3310,,J,,,,23
LTFRB_3311,,J,,,,23
LTFRB_3312,,J,,,,23
LTFRB_3313,,J,,,,23
LTFRB_3314,,J,,,,23
LTFRB_3315,,J,,,,23
LTFRB_3316,,J,,,,23
LTFRB_3317,,J,,,,23
LTFRB_3318,,J,,,,23
LTFRB_3319,,J,,,,23
LTFRB_332,,J,,,,6
LTFRB_3320,,J,,,,23
LTFRB_3321,,J,,,,23
LTFRB_3322,,J,,,,17
LTFRB_3323,,J,,,,14
LTFRB_3324,,J,,,,23
LTFRB_3325,,J,,,,24
LTFRB_3326,,J,,,,26
LTFRB_3327,,J,,,,26
LTFRB_3328,,J,,,,26
LTFRB_3329,,J,,,,14
LTFRB_333,,J,,,,6
LTFRB_3330,,J,,,,14
LTFRB_3331,,J,,,,17
LTFRB_3332,,J,,,,17
LTFRB_3333,,J,,,,17
LTFRB_3334,,J,,,,37
LTFRB_3335,,J,,,,43
LTFRB_3336,,J,,,,8
LTFRB_3337,,J,,,,8
LTFRB_3338,,J,,,,8
LTFRB_3339,,J,,,,8
LTFRB_334,,J,,,,6
LTFRB_3340,,J,,,,8
LTFRB_3341,,J,,,,8
LTFRB_3342,,J,,,,8
LTFRB_3343,,J,,,,8
LTFRB_3344,,J,,,,8
LTFRB_3345,,J,,,,8
LTFRB_3346,,J,,,,7
LTFRB_3347,,J,,,,7
LTFRB_3348,,J,,,,7
LTFRB_3349,,J,,,,7
LTFRB_335,,J,,,,6
LTFRB_3350,,J,,,,6
LTFRB_3351,,J,,,,7
LTFRB_3352,,J,,,,7
LTFRB_3353,,J,,,,6
LTFRB_3354,,J,,,,6
LTFRB_3355,,J,,,,7
LTFRB_3356,,J,,,,7
LTFRB_3357,,J,,,,7
LTFRB_3358,,J,,,,7
LTFRB_3359,,J,,,,7
LTFRB_336,,J,,,,6
LTFRB_3360,,J,,,,7
LTFRB_3361,,J,,,,7
LTFRB_3362,,J,,,,7
LTFRB_3363,,J,,,,7
LTFRB_3364,,J,,,,7
LTFRB_3365,,J,,,,7
LTFRB_3366,,J,,,,7
LTFRB_3367,,J,,,,7
LTFRB_3368,,J,,,,7
LTFRB_3369,,J,,,,7
LTFRB_337,,J,,,,6
LTFRB_3370,,J,,,,8
LTFRB_3371,,J,,,,5
LTFRB_3372,B,J,,,,59
LTFRB_3373,,J,,,,3
LTFRB_3374,,J,,,,7
LTFRB_3375,,J,,,,7
LTFRB_3376,,J,,,,35
LTFRB_3377,,J,,,,35
LTFRB_3378,,J,,,,35
LTFRB_3379,,J,,,,35
LTFRB_338,,J,,,,6
LTFRB_3380,,J,,,,35
LTFRB_3381,,J,,,,33
LTFRB_3382,,J,,,,35
LTFRB_3383,,J,,,,35
LTFRB_3384,B,J,,,,38
LTFRB_3385,B,J,,,,38
LTFRB_3386,B,J,,,,38
LTFRB_3387,B,J,,,,38
LTFRB_3388,,J,,,,20
LTFRB_3389,,J,,,,14
LTFRB_339,,J,,,,10
LTFRB_3390,,J,,,,5
LTFRB_3391,B,J,,,,26
LTFRB_3392,,J,,,,18
LTFRB_3393,,J,,,,18
LTFRB_3394,,J,,,,19
LTFRB_3395,,J,,,,19
LTFRB_3396,,J,,,,21
LTFRB_3397,,J,,,,21
LTFRB_3398,,J,,,,21
LTFRB_3399,,J,,,,25
LTFRB_34,,J,,,,27
LTFRB_340,,J,,,,10
LTFRB_3400,B,J,,,,27
LTFRB_3401,B,J,,,,26
LTFRB_3402,B,J,,,,24
LTFRB_3403,,J,,,,6
LTFRB_3404,B,J,,,,25
LTFRB_3405,B,J,,,,24
LTFRB_3406,B,J,,,,24
LTFRB_3407,B,J,,,,22
LTFRB_3408,B,J,,,,23
LTFRB_3409,,J,,,,2
LTFRB_341,,J,,,,6
LTFRB_3410,,J,,,,2
LTFRB_3411,,J,,,,2
LTFRB_3412,,J,,,,2
LTFRB_3413,B,J,,,,50
LTFRB_3414,B,J,,,,51
LTFRB_3415,,J,,,,1
LTFRB_3416,,J,,,,1
LTFRB_3417,,J,,,,1
LTFRB_3418,,J,,,,1
LTFRB_3419,,J,,,,1
LTFRB_342,,J,,,,6
LTFRB_3420,,J,,,,1
LTFRB_3421,,J,,,,1
LTFRB_3422,,J,,,,1
LTFRB_3423,,J,,,,1
LTFRB_3424,,J,,,,1
LTFRB_3425,B,J,,,,39
LTFRB_3426,B,J,,,,45
LTFRB_3427,B,J,,,,49
LTFRB_3428,B,J,,,,52
LTFRB_3429,B,J,,,,53
LTFRB_343,,J,,,,6
LTFRB_3430,B,J,,,,57
LTFRB_3431,B,J,,,,50
LTFRB_3432,B,J,,,,58
LTFRB_3433,B,J,,,,52
LTFRB_3434,B,J,,,,52
LTFRB_3435,B,J,,,,52
LTFRB_3436,B,J,,,,52
LTFRB_3437,B,J,,,,50
LTFRB_3438,B,J,,,,50
LTFRB_3439,B,J,,,,48
LTFRB_344,,J,,,,6
LTFRB_3440,B,J,,,,50
LTFRB_3441,B,J,,,,49
LTFRB_3442,B,J,,,,50
LTFRB_3443,B,J,,,,48
LTFRB_3444,B,J,,,,50
LTFRB_3445,B,J,,,,50
LTFRB_3446,B,J,,,,50
LTFRB_3447,B,J,,,,49
LTFRB_3448,B,J,,,,49
LTFRB_3449,B,J,,,,49
LTFRB_345,,J,,,,8
LTFRB_3450,B,J,,,,49
LTFRB_3451,B,J,,,,49
LTFRB_3452,B,J,,,,50
LTFRB_3453,B,J,,,,50
LTFRB_3454,B,J,,,,50
LTFRB_3455,B,J,,,,33
LTFRB_3456,B,J,,,,33
LTFRB_3457,B,J,,,,26
LTFRB_3458,B,J,,,,26
LTFRB_3459,B,J,,,,26
LTFRB_346,,J,,,,2
LTFRB_3460,B,J,,,,26
LTFRB_3461,B,J,,,,26
LTFRB_3462,B,J,,,,26
LTFRB_3463,B,J,,,,26
LTFRB_3464,B,J,,,,26
LTFRB_3465,B,J,,,,26
LTFRB_3466,B,J,,,,26
LTFRB_3467,B,J,,,,26
LTFRB_3468,B,J,,,,25
LTFRB_3469,,J,,,,1
LTFRB_347,,J,,,,2
LTFRB_3470,,J,,,,1
LTFRB_3471,,J,,,,1
LTFRB_3472,,J,,,,1
LTFRB_3473,,J,,,,1
LTFRB_3474,,J,,,,1
LTFRB_3475,,J,,,,1
LTFRB_3476,,J,,,,1
LTFRB_3477,,J,,,,1
LTFRB_3478,,J,,,,8
LTFRB_3479,,J,,,,5
LTFRB_3480,,J,,,,7
LTFRB_3481,,J,,,,7
LTFRB_3482,,J,,,,7
LTFRB_3483,,J,,,,7
LTFRB_3484,,J,,,,8
LTFRB_3485,,J,,,,8
LTFRB_3486,,J,,,,8
LTFRB_3487,,J,,,,8
LTFRB_3488,,J,,,,8
LTFRB_3489,,J,,,,8
LTFRB_349,,J,,,,8
LTFRB_3490,,J,,,,8
LTFRB_3491,,J,,,,8
LTFRB_3492,,J,,,,8
LTFRB_3493,,J,,,,8
LTFRB_3494,,J,,,,8
LTFRB_3495,,J,,,,8
LTFRB_3496,,J,,,,8
LTFRB_3497,,J,,,,8
LTFRB_3498,,J,,,,8
LTFRB_3499,,J,,,,8
LTFRB_35,,J,,,,32
LTFRB_350,,J,,,,9
LTFRB_3500,,J,,,,8
LTFRB_3501,,J,,,,8
LTFRB_3502,,J,,,,8
LTFRB_3503,,J,,,,8
LTFRB_3504,,J,,,,8
LTFRB_3505,,J,,,,8
LTFRB_3506,,J,,,,8
LTFRB_3507,,J,,,,8
LTFRB_3508,,J,,,,8
LTFRB_3509,,J,,,,8
LTFRB_351,,J,,,,1
LTFRB_3510,,J,,,,8
LTFRB_3511,,J,,,,8
LTFRB_3512,,J,,,,8
LTFRB_3513,,J,,,,8
LTFRB_3514,,J,,,,8
LTFRB_3515,,J,,,,2
LTFRB_3516,,J,,,,11
LTFRB_3517,,J,,,,13
LTFRB_3518,,J,,,,13
LTFRB_3519,,J,,,,13
LTFRB_352,,J,,,,1
LTFRB_3520,,J,,,,13
LTFRB_3521,,J,,,,13
LTFRB_3522,,J,,,,13
LTFRB_3523,,J,,,,13
LTFRB_3524,,J,,,,13
LTFRB_3525,,J,,,,13
LTFRB_3526,,J,,,,15
LTFRB_3527,B,J,,,,23
LTFRB_3528,,J,,,,22
LTFRB_3529,,J,,,,18
LTFRB_353,,J,,,,2
LTFRB_3530,B,J,,,,18
LTFRB_3531,,J,,,,22
LTFRB_3532,B,J,,,,24
LTFRB_3533,,J,,,,14
LTFRB_3534,,J,,,,9
LTFRB_3535,B,J,,,,23
LTFRB_3536,B,J,,,,13
LTFRB_3537,,J,,,,12
LTFRB_3538,,J,,,,22
LTFRB_3539,,J,,,,22
LTFRB_354,,J,,,,1
LTFRB_3540,B,J,,,,23
LTFRB_3541,,J,,,,22
LTFRB_3542,B,J,,,,24
LTFRB_3543,B,J,,,,24
LTFRB_3544,B,J,,,,23
LTFRB_3545,B,J,,,,23
LTFRB_3546,B,J,,,,24
LTFRB_3547,B,J,,,,23
LTFRB_3548,B,J,,,,24
LTFRB_3549,B,J,,,,24
LTFRB_355,,J,,,,2
LTFRB_3550,,J,,,,2
LTFRB_3551,,J,,,,2
LTFRB_3552,,J,,,,2
LTFRB_3553,,J,,,,2
LTFRB_3554,,J,,,,2
LTFRB_3555,,J,,,,2
LTFRB_3556,,J,,,,2
LTFRB_3557,,J,,,,3
LTFRB_3558,,J,,,,3
LTFRB_3559,,J,,,,2
LTFRB_356,,J,,,,2
LTFRB_3560,,J,,,,2
LTFRB_3562,,J,,,,2
LTFRB_3563,,J,,,,1
LTFRB_3564,,J,,,,1
LTFRB_3565,,J,,,,1
LTFRB_3566,,J,,,,2
LTFRB_3567,,J,,,,2
LTFRB_3568,,J,,,,2
LTFRB_3569,,J,,,,2
LTFRB_357,,J,,,,2
LTFRB_3570,,J,,,,1
LTFRB_3571,,J,,,,1
LTFRB_3572,,J,,,,1
LTFRB_3573,,J,,,,7
LTFRB_3574,,J,,,,6
LTFRB_3575,,J,,,,8
LTFRB_3576,,J,,,,6
LTFRB_3577,,J,,,,5
LTFRB_3578,,J,,,,5
LTFRB_3579,,J,,,,5
LTFRB_358,,J,,,,4
LTFRB_3580,,J,,,,5
LTFRB_3581,,J,,,,5
LTFRB_3582,,J,,,,5
LTFRB_3583,,J,,,,5
LTFRB_3584,,J,,,,5
LTFRB_3585,,J,,,,5
LTFRB_3586,,J,,,,5
LTFRB_3587,,J,,,,5
LTFRB_3588,,J,,,,5
LTFRB_3589,,J,,,,5
LTFRB_359,,J,,,,4
LTFRB_3590,,J,,,,5
LTFRB_3591,,J,,,,5
LTFRB_3592,,J,,,,5
LTFRB_3593,,J,,,,5
LTFRB_3594,,J,,,,5
LTFRB_3595,,J,,,,5
LTFRB_3596,,J,,,,5
LTFRB_3597,,J,,,,5
LTFRB_3598,,J,,,,5
LTFRB_3599,,J,,,,5
LTFRB_36,,J,,,,32
LTFRB_360,,J,,,,9
LTFRB_3600,,J,,,,5
LTFRB_3601,,J,,,,5
LTFRB_3602,,J,,,,5
LTFRB_3603,,J,,,,5
LTFRB_3604,,J,,,,5
LTFRB_3605,,J,,,,5
LTFRB_3606,,J,,,,5
LTFRB_3607,,J,,,,5
LTFRB_3608,,J,,,,7
LTFRB_3609,,J,,,,7
LTFRB_361,B,J,,,,25
LTFRB_3610,,J,,,,7
LTFRB_3611,,J,,,,7
LTFRB_3612,,J,,,,7
LTFRB_3613,,J,,,,7
LTFRB_3614,,J,,,,7
LTFRB_3615,,J,,,,7
LTFRB_3616,,J,,,,7
LTFRB_3617,,J,,,,2
LTFRB_3618,,J,,,,2
LTFRB_3619,,J,,,,2
LTFRB_362,B,J,,,,12
LTFRB_3620,,J,,,,2
LTFRB_3621,,J,,,,2
LTFRB_3622,,J,,,,2
LTFRB_3623,,J,,,,2
LTFRB_3624,,J,,,,2
LTFRB_3625,,J,,,,2
LTFRB_3626,,J,,,,2
LTFRB_3627,,J,,,,2
LTFRB_3628,,J,,,,2
LTFRB_3629,,J,,,,2
LTFRB_363,,J,,,,6
LTFRB_3630,,J,,,,2
LTFRB_3631,,J,,,,2
LTFRB_3632,,J,,,,2
LTFRB_3633,,J,,,,2
LTFRB_3634,,J,,,,2
LTFRB_3635,,J,,,,2
LTFRB_3636,,J,,,,8
LTFRB_3637,,J,,,,6
LTFRB_3638,,J,,,,6
LTFRB_3639,,J,,,,6
LTFRB_364,,J,,,,2
LTFRB_3640,,J,,,,12
LTFRB_3641,,J,,,,12
LTFRB_3642,,J,,,,12
LTFRB_3643,,J,,,,12
LTFRB_3644,,J,,,,12
LTFRB_3645,,J,,,,13
LTFRB_3646,,J,,,,14
LTFRB_3647,,J,,,,12
LTFRB_3648,,J,,,,12
LTFRB_3649,,J,,,,12
LTFRB_365,,J,,,,4
LTFRB_3650,,J,,,,12
LTFRB_3651,,J,,,,12
LTFRB_3652,,J,,,,12
LTFRB_3653,,J,,,,12
LTFRB_3654,,J,,,,12
LTFRB_3655,,J,,,,12
LTFRB_3656,,J,,,,12
LTFRB_3657,,J,,,,12
LTFRB_3658,,J,,,,12
LTFRB_3659,,J,,,,12
LTFRB_366,,J,,,,6
LTFRB_3660,,J,,,,12
LTFRB_3661,,J,,,,12
LTFRB_3662,,J,,,,12
LTFRB_3663,,J,,,,12
LTFRB_3664,,J,,,,12
LTFRB_3665,,J,,,,6
LTFRB_3666,,J,,,,6
LTFRB_3667,,J,,,,7
LTFRB_3668,,J,,,,6
LTFRB_3669,,J,,,,6
LTFRB_367,,J,,,,2
LTFRB_3670,,J,,,,6
LTFRB_3671,,J,,,,6
LTFRB_3672,,J,,,,6
LTFRB_3673,,J,,,,1
LTFRB_3674,,J,,,,1
LTFRB_3675,,J,,,,1
LTFRB_3676,,J,,,,1
LTFRB_3677,,J,,,,1
LTFRB_3678,,J,,,,12
LTFRB_3679,,J,,,,12
LTFRB_368,,J,,,,6
LTFRB_3680,,J,,,,12
LTFRB_3681,,J,,,,12
LTFRB_3682,,J,,,,12
LTFRB_3683,,J,,,,16
LTFRB_3684,,J,,,,14
LTFRB_3685,,J,,,,14
LTFRB_3686,,J,,,,14
LTFRB_3687,,J,,,,14
LTFRB_3688,B,J,,,,18
LTFRB_3689,B,J,,,,24
LTFRB_369,,J,,,,6
LTFRB_3690,B,J,,,,30
LTFRB_3691,B,J,,,,27
LTFRB_3692,B,J,,,,27
LTFRB_3693,B,J,,,,26
LTFRB_3694,B,J,,,,25
LTFRB_3695,B,J,,,,24
LTFRB_3696,B,J,,,,24
LTFRB_3697,B,J,,,,20
LTFRB_3698,B,J,,,,20
LTFRB_3699,B,J,,,,23
LTFRB_37,,J,,,,32
LTFRB_370,,J,,,,6
LTFRB_3700,B,J,,,,23
LTFRB_3701,B,J,,,,44
LTFRB_3702,B,J,,,,44
LTFRB_3703,,J,,,,17
LTFRB_3704,,J,,,,16
LTFRB_3705,,J,,,,18
LTFRB_3706,,J,,,,17
LTFRB_3707,,J,,,,18
LTFRB_3708,,J,,,,16
LTFRB_3709,,J,,,,17
LTFRB_371,,J,,,,6
LTFRB_3710,,J,,,,18
LTFRB_3711,,J,,,,17
LTFRB_3712,,J,,,,18
LTFRB_3713,,J,,,,18
LTFRB_3714,,J,,,,17
LTFRB_3715,,J,,,,18
LTFRB_3716,,J,,,,17
LTFRB_3717,,J,,,,17
LTFRB_3718,,J,,,,3
LTFRB_3719,,J,,,,6
LTFRB_372,,J,,,,7
LTFRB_3720,,J,,,,1
LTFRB_3721,,J,,,,2
LTFRB_3722,,J,,,,2
LTFRB_3723,,J,,,,4
LTFRB_3724,,J,,,,4
LTFRB_3725,,J,,,,6
LTFRB_3726,,J,,,,6
LTFRB_3727,,J,,,,6
LTFRB_3728,,J,,,,6
LTFRB_3729,,J,,,,6
LTFRB_373,,J,,,,7
LTFRB_3730,,J,,,,6
LTFRB_3731,,J,,,,8
LTFRB_3732,,J,,,,7
LTFRB_3733,,J,,,,8
LTFRB_3734,B,J,,,,11
LTFRB_3735,B,J,,,,11
LTFRB_3736,B,J,,,,11
LTFRB_3737,B,J,,,,11
LTFRB_3738,B,J,,,,11
LTFRB_3739,B,J,,,,11
LTFRB_374,,J,,,,6
LTFRB_3740,B,J,,,,11
LTFRB_3741,B,J,,,,10
LTFRB_3742,B,J,,,,9
LTFRB_3743,B,J,,,,9
LTFRB_3744,B,J,,,,14
LTFRB_3745,B,J,,,,17
LTFRB_3746,,J,,,,12
LTFRB_3747,,J,,,,12
LTFRB_3748,,J,,,,12
LTFRB_3749,,J,,,,12
LTFRB_375,,J,,,,15
LTFRB_3750,,J,,,,12
LTFRB_3751,,J,,,,9
LTFRB_3752,,J,,,,7
LTFRB_3753,,J,,,,6
LTFRB_3754,,J,,,,9
LTFRB_3755,,J,,,,10
LTFRB_3756,,J,,,,5
LTFRB_3757,,J,,,,9
LTFRB_3758,,J,,,,9
LTFRB_3759,,J,,,,3
LTFRB_376,,J,,,,9
LTFRB_3760,,J,,,,3
LTFRB_3761,,J,,,,12
LTFRB_3762,,J,,,,7
LTFRB_3763,,J,,,,25
LTFRB_3764,,J,,,,24
LTFRB_3765,,J,,,,24
LTFRB_3766,,J,,,,24
LTFRB_3767,,J,,,,24
LTFRB_3768,,J,,,,24
LTFRB_3769,,J,,,,24
LTFRB_377,,J,,,,9
LTFRB_3770,,J,,,,7
LTFRB_3771,,J,,,,13
LTFRB_3772,,J,,,,1
LTFRB_3773,,J,,,,5
LTFRB_3774,,J,,,,5
LTFRB_3775,,J,,,,7
LTFRB_3776,,J,,,,7
LTFRB_3777,,J,,,,6
LTFRB_3778,,J,,,,6
LTFRB_3779,,J,,,,9
LTFRB_378,,J,,,,5
LTFRB_3780,,J,,,,16
LTFRB_3781,,J,,,,7
LTFRB_3782,,J,,,,1
LTFRB_3783,,J,,,,1
LTFRB_3784,,J,,,,15
LTFRB_3785,,J,,,,3
LTFRB_3786,B,J,,,,13
LTFRB_3787,B,J,,,,12
LTFRB_3788,,J,,,,2
LTFRB_3789,,J,,,,2
LTFRB_379,,J,,,,4
LTFRB_3790,,J,,,,4
LTFRB_3791,,J,,,,2
LTFRB_3792,,J,,,,18
LTFRB_3793,,J,,,,6
LTFRB_3794,,J,,,,10
LTFRB_3795,,J,,,,4
LTFRB_3796,B,J,,,,14
LTFRB_3797,B,J,,,,14
LTFRB_3798,B,J,,,,14
LTFRB_3799,B,J,,,,11
LTFRB_38,,J,,,,32
LTFRB_380,,J,,,,9
LTFRB_3800,,J,,,,5
LTFRB_3801,,J,,,,5
LTFRB_3802,,J,,,,5
LTFRB_3803,,J,,,,5
LTFRB_3804,,J,,,,5
LTFRB_3805,,J,,,,5
LTFRB_3806,,J,,,,5
LTFRB_3807,,J,,,,5
LTFRB_3808,,J,,,,5
LTFRB_3809,,J,,,,5
LTFRB_381,,J,,,,8
LTFRB_3810,B,J,,,,6
LTFRB_3811,B,J,,,,6
LTFRB_3812,B,J,,,,6
LTFRB_3813,B,J,,,,10
LTFRB_3814,,J,,,,4
LTFRB_3815,,J,,,,2
LTFRB_3816,,J,,,,14
LTFRB_3817,,J,,,,3
LTFRB_3818,,J,,,,7
LTFRB_3819,,J,,,,3
LTFRB_382,,J,,,,12
LTFRB_3820,,J,,,,1
LTFRB_3821,,J,,,,3
LTFRB_3822,,J,,,,3
LTFRB_3823,,J,,,,1
LTFRB_3824,,J,,,,10
LTFRB_3825,,J,,,,10
LTFRB_3826,,J,,,,10
LTFRB_3827,B,J,,,,13
LTFRB_3828,,J,,,,3
LTFRB_3829,B,J,,,,8
LTFRB_383,,J,,,,12
LTFRB_3830,B,J,,,,8
LTFRB_3831,,J,,,,7
LTFRB_3832,,J,,,,3
LTFRB_3833,,J,,,,8
LTFRB_3834,,J,,,,8
LTFRB_3835,,J,,,,9
LTFRB_3836,,J,,,,2
LTFRB_3837,,J,,,,2
LTFRB_3838,,J,,,,10
LTFRB_3839,,J,,,,10
LTFRB_384,,J,,,,10
LTFRB_3840,,J,,,,10
LTFRB_3841,,J,,,,6
LTFRB_3842,,J,,,,6
LTFRB_3843,,J,,,,6
LTFRB_3844,,J,,,,6
LTFRB_3845,,J,,,,6
LTFRB_3846,,J,,,,6
LTFRB_3847,,J,,,,6
LTFRB_3848,,J,,,,6
LTFRB_3849,,J,,,,6
LTFRB_385,,J,,,,4
LTFRB_3850,,J,,,,6
LTFRB_3851,,J,,,,6
LTFRB_3852,,J,,,,6
LTFRB_3853,,J,,,,3
LTFRB_3854,,J,,,,3
LTFRB_3855,,J,,,,6
LTFRB_3856,,J,,,,3
LTFRB_3857,,J,,,,9
LTFRB_3858,,J,,,,9
LTFRB_3859,,J,,,,8
LTFRB_386,,J,,,,4
LTFRB_3860,,J,,,,7
LTFRB_3861,,J,,,,11
LTFRB_3862,,J,,,,11
LTFRB_3863,,J,,,,1
LTFRB_3864,,J,,,,1
LTFRB_3865,,J,,,,12
LTFRB_3866,,J,,,,12
LTFRB_3867,,J,,,,12
LTFRB_3868,,J,,,,10
LTFRB_3869,B,J,,,,9
LTFRB_387,,J,,,,4
LTFRB_3870,B,J,,,,7
LTFRB_3871,B,,,,,2
LTFRB_3872,B,,,,,2
LTFRB_3873,B,,,,,2
LTFRB_3874,B,J,,,,8
LTFRB_3875,B,J,,,,8
LTFRB_3876,B,J,,,,8
LTFRB_3877,B,J,,,,8
LTFRB_3878,B,J,,,,8
LTFRB_3879,B,J,,,,7
LTFRB_388,,J,,,,6
LTFRB_3880,B,J,,,,6
LTFRB_3881,B,J,,,,7
LTFRB_3882,B,J,,,,7
LTFRB_3883,B,J,,,,6
LTFRB_3884,B,J,,,,6
LTFRB_3885,B,J,,,,6
LTFRB_3886,B,J,,,,6
LTFRB_3887,B,J,,,,6
LTFRB_3888,B,J,,,,4
LTFRB_3889,B,J,,,,5
LTFRB_389,,J,,,,11
LTFRB_3890,B,,,,,2
LTFRB_3891,B,,,,,2
LTFRB_3892,B,,,,,4
LTFRB_3893,B,,,,,4
LTFRB_3894,B,,,,,4
LTFRB_3895,B,,,,,4
LTFRB_3896,B,,,,,4
LTFRB_3897,B,,,,,4
LTFRB_3898,B,,,,,4
LTFRB_3899,B,,,,,4
LTFRB_39,,J,,,,32
LTFRB_390,,J,,,,4
LTFRB_3900,B,,,,,4
LTFRB_3901,B,,,,,4
LTFRB_3902,B,,,,,4
LTFRB_3903,B,,,,,4
LTFRB_3904,B,,,,,4
LTFRB_3905,B,,,,,4
LTFRB_3906,B,,,,,4
LTFRB_3907,B,,,,,4
LTFRB_3908,B,,,,,4
LTFRB_3909,B,,,,,4
LTFRB_391,,J,,,,15
LTFRB_3910,B,,,,,2
LTFRB_3911,B,,,,,2
LTFRB_3912,B,,,,,2
LTFRB_3913,B,,,,,2
LTFRB_3914,B,,,,,2
LTFRB_3915,B,,,,,2
LTFRB_3916,B,,,,,2
LTFRB_3917,B,,,,,2
LTFRB_392,,J,,,,14
LTFRB_3920,B,,,,,2
LTFRB_3921,B,,,,,2
LTFRB_3922,B,,,,,2
LTFRB_3923,B,,,,,2
LTFRB_3924,B,,,,,2
LTFRB_3925,B,,,,,2
LTFRB_3926,B,,,,,2
LTFRB_3927,B,,,,,2
LTFRB_3928,B,,,,,2
LTFRB_3929,B,,,,,2
LTFRB_393,,J,,,,8
LTFRB_3930,B,,,,,2
LTFRB_3931,B,,,,,2
LTFRB_3932,B,,,,,2
LTFRB_3933,B,,,,,2
LTFRB_3934,B,,,,,2
LTFRB_3935,B,,,,,2
LTFRB_3936,B,,,,,2
LTFRB_3937,B,,,,,2
LTFRB_3938,B,,,,,2
LTFRB_3939,B,,,,,2
LTFRB_394,,J,,,,7
LTFRB_3940,B,,,,,2
LTFRB_3941,B,,,,,2
LTFRB_3942,B,,,,,2
LTFRB_3943,B,,,,,2
LTFRB_3944,B,,,,,2
LTFRB_3945,B,,,,,2
LTFRB_3946,B,,,,,2
LTFRB_3947,B,,,,,2
LTFRB_3948,B,,,,,2
LTFRB_3949,B,,,,,2
LTFRB_395,,J,,,,2
LTFRB_3950,B,,,,,2
LTFRB_3951,B,,,,,2
LTFRB_3952,B,,,,,2
LTFRB_3953,B,,,,,2
LTFRB_3954,B,,,,,2
LTFRB_3955,B,,,,,2
LTFRB_3956,B,,,,,2
LTFRB_3957,B,,,,,2
LTFRB_3958,B,,,,,2
LTFRB_3959,B,,,,,2
LTFRB_396,,J,,,,1
LTFRB_3960,B,,,,,2
LTFRB_3961,B,,,,,2
LTFRB_3962,B,,,,,2
LTFRB_3963,B,,,,,2
LTFRB_3964,B,,,,,2
LTFRB_3965,B,,,,,2
LTFRB_3966,B,,,,,2
LTFRB_3967,B,,,,,2
LTFRB_3968,B,,,,,2
LTFRB_3969,B,,,,,2
LTFRB_397,,J,,,,1
LTFRB_3970,B,,,,,2
LTFRB_3971,B,,,,,2
LTFRB_3972,B,,,,,2
LTFRB_3973,B,,,,,2
LTFRB_3974,B,,,,,2
LTFRB_3975,B,,,,,2
LTFRB_3976,B,,,,,2
LTFRB_3977,B,,,,,2
LTFRB_3978,B,,,,,2
LTFRB_3979,B,,,,,2
LTFRB_398,,J,,,,8
LTFRB_3980,B,,,,,2
LTFRB_3981,B,,,,,2
LTFRB_3982,B,,,,,2
LTFRB_3983,B,,,,,2
LTFRB_3984,B,,,,,2
LTFRB_3985,B,,,,,2
LTFRB_3986,B,,,,,2
LTFRB_3987,B,,,,,2
LTFRB_3988,B,,,,,2
LTFRB_3989,B,,,,,2
LTFRB_399,,J,,,,10
LTFRB_3990,B,,,,,2
LTFRB_3991,B,,,,,2
LTFRB_3992,B,,,,,2
LTFRB_3993,B,,,,,2
LTFRB_3994,B,,,,,2
LTFRB_3995,B,,,,,2
LTFRB_3996,B,,,,,2
LTFRB_3997,B,,,,,2
LTFRB_3998,B,,,,,2
LTFRB_3999,B,,,,,2
LTFRB_4,,J,,,,18
LTFRB_40,,J,,,,32
LTFRB_400,,J,,,,10
LTFRB_4000,B,,,,,2
LTFRB_4001,B,,,,,2
LTFRB_4002,B,,,,,2
LTFRB_4003,B,,,,,2
LTFRB_4004,B,,,,,2
LTFRB_4005,B,J,,,,6
LTFRB_4006,B,J,,,,6
LTFRB_4007,B,J,,,,6
LTFRB_4008,B,J,,,,6
LTFRB_4009,B,J,,,,8
LTFRB_401,,J,,,,7
LTFRB_4010,B,,,,,1
LTFRB_4011,B,,,,,1
LTFRB_4012,B,,,,,1
LTFRB_4013,B,,,,,1
LTFRB_4014,B,,,,,2
LTFRB_4015,B,,,,,3
LTFRB_4016,B,,,,,3
LTFRB_4017,B,,,,,7
LTFRB_4018,B,,,,,7
LTFRB_4019,B,,,,,7
LTFRB_402,,J,,,,2
LTFRB_4020,B,,,,,7
LTFRB_4021,B,J,,,,7
LTFRB_4022,B,J,,,,8
LTFRB_4023,B,J,,,,8
LTFRB_4024,B,,,,,1
LTFRB_4025,B,J,,,,8
LTFRB_4026,B,J,,,,8
LTFRB_4027,B,J,,,,8
LTFRB_4028,B,J,,,,8
LTFRB_4029,B,J,,,,8
LTFRB_403,,J,,,,6
LTFRB_4030,B,J,,,,8
LTFRB_4031,B,J,,,,8
LTFRB_4032,B,J,,,,8
LTFRB_4033,B,J,,,,8
LTFRB_4034,B,J,,,,8
LTFRB_4035,B,J,,,,8
LTFRB_4036,B,J,,,,8
LTFRB_4037,B,J,,,,8
LTFRB_4038,B,J,,,,7
LTFRB_4039,B,J,,,,6
LTFRB_404,,J,,,,1
LTFRB_4040,B,J,,,,6
LTFRB_4041,B,J,,,,6
LTFRB_4042,B,J,,,,6
LTFRB_4043,B,J,,,,6
LTFRB_4044,B,,,,,2
LTFRB_4045,B,,,,,2
LTFRB_4046,B,,,,,2
LTFRB_4047,B,,,,,2
LTFRB_4048,B,,,,,2
LTFRB_4049,B,,,,,2
LTFRB_405,,J,,,,1
LTFRB_4050,B,,,,,2
LTFRB_4051,B,,,,,2
LTFRB_4052,B,,,,,2
LTFRB_4053,B,J,,,,7
LTFRB_4054,B,J,,,,7
LTFRB_4055,B,J,,,,7
LTFRB_4056,B,J,,,,7
LTFRB_4057,B,J,,,,7
LTFRB_4058,B,J,,,,7
LTFRB_4059,B,J,,,,7
LTFRB_406,,J,,,,1
LTFRB_4060,B,J,,,,4
LTFRB_4061,B,J,,,,4
LTFRB_4062,B,J,,,,4
LTFRB_4063,B,J,,,,4
LTFRB_4064,B,J,,,,4
LTFRB_4065,B,J,,,,4
LTFRB_4066,B,J,,,,4
LTFRB_4067,B,J,,,,4
LTFRB_4068,B,J,,,,4
LTFRB_4069,B,J,,,,4
LTFRB_407,,J,,,,1
LTFRB_4070,B,J,,,,4
LTFRB_4071,B,J,,,,4
LTFRB_4072,B,J,,,,4
LTFRB_4073,B,J,,,,4
LTFRB_4074,B,J,,,,4
LTFRB_4075,B,J,,,,4
LTFRB_4076,B,J,,,,4
LTFRB_4077,B,J,,,,3
LTFRB_4078,B,J,,,,4
LTFRB_4079,B,,,,,1
LTFRB_408,,J,,,,2
LTFRB_4080,B,J,,,,2
LTFRB_4081,B,J,,,,4
LTFRB_4082,B,J,,,,4
LTFRB_4083,B,J,,,,4
LTFRB_4084,B,J,,,,4
LTFRB_4085,B,J,,,,4
LTFRB_4086,B,J,,,,4
LTFRB_4087,B,J,,,,4
LTFRB_4088,B,,,,,2
LTFRB_4089,B,,,,,2
LTFRB_409,,J,,,,2
LTFRB_4090,B,,,,,2
LTFRB_4091,B,,,,,2
LTFRB_4092,B,,,,,2
LTFRB_4093,B,,,,,2
LTFRB_4094,B,,,,,2
LTFRB_4095,B,,,,,2
LTFRB_4096,B,,,,,2
LTFRB_4097,B,,,,,2
LTFRB_4098,B,,,,,2
LTFRB_4099,B,,,,,2
LTFRB_41,,J,,,,33
LTFRB_410,,J,,,,2
LTFRB_4100,B,,,,,2
LTFRB_4101,B,,,,,2
LTFRB_4102,B,,,,,2
LTFRB_4103,B,,,,,2
LTFRB_4104,B,,,,,2
LTFRB_4105,B,,,,,2
LTFRB_4106,B,,,,,2
LTFRB_4107,B,,,,,2
LTFRB_4108,B,,,,,2
LTFRB_4109,B,,,,,2
LTFRB_411,,J,,,,2
LTFRB_4110,B,,,,,2
LTFRB_4111,B,,,,,2
LTFRB_4112,B,,,,,2
LTFRB_4113,B,,,,,2
LTFRB_4114,B,,,,,2
LTFRB_4115,B,,,,,2
LTFRB_4116,B,,,,,2
LTFRB_4117,B,,,,,1
LTFRB_4118,B,,,,,2
LTFRB_4119,B,,,,,2
LTFRB_412,,J,,,,2
LTFRB_4120,B,,,,,2
LTFRB_4122,B,,,,,2
LTFRB_4124,B,,,,,2
LTFRB_4126,B,,,,,2
LTFRB_4127,B,,,,,2
LTFRB_413,B,J,,,,10
LTFRB_4130,B,,,,,2
LTFRB_4132,B,,,,,2
LTFRB_4134,B,,,,,2
LTFRB_4136,B,,,,,2
LTFRB_4138,B,,,,,2
LTFRB_414,B,J,,,,10
LTFRB_4141,B,,,,,2
LTFRB_4142,B,,,,,1
LTFRB_4143,B,,,,,1
LTFRB_4144,B,,,,,1
LTFRB_4146,B,J,,,,8
LTFRB_4147,B,J,,,,8
LTFRB_4149,B,J,,,,8
LTFRB_415,B,J,,,,10
LTFRB_4150,B,,,,,1
LTFRB_4152,B,,,,,1
LTFRB_4154,B,,,,,1
LTFRB_4157,B,J,,,,6
LTFRB_4158,B,J,,,,6
LTFRB_4159,B,J,,,,6
LTFRB_416,B,J,,,,12
LTFRB_4160,B,J,,,,6
LTFRB_4161,B,J,,,,6
LTFRB_4162,B,J,,,,6
LTFRB_4163,B,J,,,,6
LTFRB_4164,B,J,,,,6
LTFRB_4165,B,J,,,,6
LTFRB_4166,B,J,,,,3
LTFRB_4167,B,J,,,,3
LTFRB_4168,B,J,,,,3
LTFRB_4169,B,J,,,,3
LTFRB_417,B,J,,,,12
LTFRB_4170,B,J,,,,8
LTFRB_4171,B,J,,,,8
LTFRB_4172,B,J,,,,8
LTFRB_4173,B,J,,,,8
LTFRB_4174,B,J,,,,8
LTFRB_4175,B,J,,,,8
LTFRB_4176,B,J,,,,8
LTFRB_4177,B,J,,,,8
LTFRB_4178,B,J,,,,10
LTFRB_4179,B,,,,,2
LTFRB_418,B,J,,,,12
LTFRB_4180,B,,,,,2
LTFRB_4181,B,,,,,2
LTFRB_4182,B,,,,,2
LTFRB_4183,B,,,,,2
LTFRB_4184,B,,,,,2
LTFRB_4185,B,,,,,2
LTFRB_4187,B,,,,,2
LTFRB_4188,B,,,,,2
LTFRB_4189,B,,,,,2
LTFRB_419,B,J,,,,12
LTFRB_4190,B,,,,,2
LTFRB_4191,B,,,,,2
LTFRB_4192,B,,,,,2
LTFRB_4193,B,,,,,8
LTFRB_4194,B,J,,,,14
LTFRB_4195,B,J,,,,18
LTFRB_4196,B,J,,,,89
LTFRB_4197,B,J,,,,89
LTFRB_4198,B,J,,,,99
LTFRB_4199,B,J,,,,99
LTFRB_42,,J,,,,36
LTFRB_420,B,J,,,,12
LTFRB_4200,B,J,,,,89
LTFRB_4201,B,J,,,,89
LTFRB_4202,B,J,,,,89
LTFRB_4203,B,J,,,,89
LTFRB_4204,B,J,,,,89
LTFRB_4205,B,J,,,,89
LTFRB_4206,B,J,,,,67
LTFRB_4207,B,,,,,126
LTFRB_4208,B,,,,,101
LTFRB_4209,B,,,,,143
LTFRB_421,B,J,,,,12
LTFRB_4210,B,,,,,144
LTFRB_4211,B,,,,,143
LTFRB_4213,B,,,,,110
LTFRB_4214,B,,,,,145
LTFRB_4215,B,,,,,145
LTFRB_4216,B,,,,,143
LTFRB_4217,B,,,,,145
LTFRB_4218,B,,,,,145
LTFRB_4219,B,,,,,145
LTFRB_422,B,J,,,,12
LTFRB_4220,B,,,,,144
LTFRB_4222,B,,,,,145
LTFRB_4223,B,,,,,145
LTFRB_4225,B,,,,,142
LTFRB_4226,B,,,,,145
LTFRB_4227,B,,,,,137
LTFRB_4228,B,,,,,109
LTFRB_4229,B,,,,,110
LTFRB_423,B,J,,,,12
LTFRB_4230,B,,,,,110
LTFRB_4231,B,,,,,110
LTFRB_4232,B,,,,,143
LTFRB_4233,B,,,,,144
LTFRB_4234,B,,,,,85
LTFRB_4235,B,,,,,143
LTFRB_4236,B,,,,,110
LTFRB_4237,B,,,,,100
LTFRB_4238,B,,,,,87
LTFRB_4239,B,,,,,94
LTFRB_424,B,J,,,,12
LTFRB_4240,B,J,,,,33
LTFRB_4241,B,,,,,110
LTFRB_4242,B,,,,,71
LTFRB_4243,B,,,,,145
LTFRB_4244,B,,,,,3
LTFRB_4245,B,,,,,3
LTFRB_4246,B,,,,,6
LTFRB_4247,B,,,,,6
LTFRB_4248,B,,,,,5
LTFRB_4249,B,,,,,6
LTFRB_425,B,J,,,,11
LTFRB_4250,B,,,,,5
LTFRB_4251,B,,,,,3
LTFRB_4252,B,J,,,,3
LTFRB_4253,B,J,,,,3
LTFRB_4254,B,,,,,2
LTFRB_4255,B,,,,,3
LTFRB_4256,B,,,,,3
LTFRB_4257,B,,,,,2
LTFRB_4258,B,,,,,1
LTFRB_4259,B,,,,,2
LTFRB_426,B,J,,,,12
LTFRB_4260,B,,,,,2
LTFRB_4261,B,,,,,2
LTFRB_4262,B,,,,,2
LTFRB_4263,B,,,,,27
LTFRB_4264,B,J,,,,31
LTFRB_4265,B,J,,,,28
LTFRB_4266,B,J,,,,30
LTFRB_4267,B,J,,,,4
LTFRB_4268,B,J,,,,2
LTFRB_4269,B,,,,,2
LTFRB_427,B,J,,,,16
LTFRB_4270,B,,,,,6
LTFRB_4271,B,,,,,7
LTFRB_4272,B,,,,,7
LTFRB_4273,B,,,,,7
LTFRB_4274,B,,,,,7
LTFRB_4275,B,,,,,3
LTFRB_4276,B,J,,,,7
LTFRB_4277,B,J,,,,4
LTFRB_4278,B,J,,,,4
LTFRB_4279,B,J,,,,4
LTFRB_428,,J,,,,2
LTFRB_4280,B,,,,,1
LTFRB_4281,B,,,,,2
LTFRB_4282,B,,,,,1
LTFRB_4283,B,,,,,1
LTFRB_4284,B,,,,,1
LTFRB_4285,B,J,,,,4
LTFRB_4286,B,,,,,1
LTFRB_4287,B,,,,,1
LTFRB_4289,B,J,,,,2
LTFRB_429,,J,,,,2
LTFRB_4290,B,,,,,2
LTFRB_4291,B,,,,,2
LTFRB_4292,B,,,,,2
LTFRB_4293,B,,,,,2
LTFRB_4294,B,,,,,2
LTFRB_4295,B,,,,,2
LTFRB_4296,B,,,,,2
LTFRB_4297,B,,,,,4
LTFRB_4298,B,,,,,5
LTFRB_4299,B,,,,,3
LTFRB_43,,J,,,,34
LTFRB_430,,J,,,,2
LTFRB_4300,B,J,,,,8
LTFRB_4301,B,J,,,,15
LTFRB_4302,B,J,,,,10
LTFRB_4303,B,J,,,,10
LTFRB_4304,B,J,,,,10
LTFRB_4305,B,J,,,,12
LTFRB_4306,B,J,,,,9
LTFRB_4307,B,J,,,,10
LTFRB_4308,B,,,,,5
LTFRB_4309,B,,,,,1
LTFRB_431,,J,,,,2
LTFRB_4310,B,,,,,1
LTFRB_4311,B,,,,,1
LTFRB_4312,B,,,,,1
LTFRB_4313,B,,,,,1
LTFRB_4314,B,,,,,1
LTFRB_4315,B,,,,,1
LTFRB_4316,B,,,,,1
LTFRB_4317,B,,,,,1
LTFRB_4318,B,J,,,,2
LTFRB_4319,B,,,,,1
LTFRB_432,,J,,,,2
LTFRB_4320,B,,,,,1
LTFRB_4321,B,,,,,1
LTFRB_4322,B,,,,,1
LTFRB_4323,B,,,,,1
LTFRB_4324,B,,,,,1
LTFRB_4325,B,J,,,,18
LTFRB_4326,B,,,,,9
LTFRB_4327,B,,,,,3
LTFRB_4328,B,,,,,4
LTFRB_4329,B,,,,,4
LTFRB_433,,J,,,,2
LTFRB_4330,B,,,,,4
LTFRB_4331,B,,,,,3
LTFRB_4332,B,,,,,3
LTFRB_4333,B,,,,,3
LTFRB_4334,B,,,,,3
LTFRB_4335,B,,,,,4
LTFRB_4336,B,,,,,6
LTFRB_4337,B,J,,,,80
LTFRB_4338,B,J,,,,80
LTFRB_4339,B,J,,,,78
LTFRB_434,,J,,,,2
LTFRB_4340,B,J,,,,79
LTFRB_4341,B,J,,,,78
LTFRB_4342,B,,,,,3
LTFRB_4343,B,J,,,,18
LTFRB_4344,B,J,,,,18
LTFRB_4345,B,J,,,,6
LTFRB_4346,B,,,,,12
LTFRB_4347,B,,,,,12
LTFRB_4348,B,,,,,12
LTFRB_4349,B,,,,,10
LTFRB_435,,J,,,,2
LTFRB_4351,,J,,,,4
LTFRB_4352,,J,,,,2
LTFRB_4353,,J,,,,2
LTFRB_4354,,J,,,,2
LTFRB_4355,,J,,,,2
LTFRB_4356,,J,,,,2
LTFRB_4357,,J,,,,2
LTFRB_4358,,J,,,,2
LTFRB_4359,,J,,,,2
LTFRB_436,,J,,,,2
LTFRB_4360,,J,,,,3
LTFRB_4361,,J,,,,2
LTFRB_4362,,J,,,,2
LTFRB_4363,,J,,,,2
LTFRB_4364,,J,,,,2
LTFRB_4365,,J,,,,2
LTFRB_4366,,J,,,,2
LTFRB_4368,,J,,,,1
LTFRB_4369,,J,,,,1
LTFRB_437,,J,,,,2
LTFRB_4370,,J,,,,1
LTFRB_4371,,J,,,,2
LTFRB_4372,,J,,,,1
LTFRB_4373,,J,,,,1
LTFRB_4374,,J,,,,1
LTFRB_4375,,J,,,,1
LTFRB_4376,,J,,,,1
LTFRB_4377,,J,,,,2
LTFRB_4378,,J,,,,2
LTFRB_4379,,J,,,,2
LTFRB_438,B,J,,,,12
LTFRB_4380,,J,,,,2
LTFRB_4381,,J,,,,2
LTFRB_4382,,J,,,,2
LTFRB_4383,,J,,,,2
LTFRB_4384,,J,,,,2
LTFRB_4385,,J,,,,2
LTFRB_4386,,J,,,,2
LTFRB_4387,,J,,,,2
LTFRB_4388,,J,,,,2
LTFRB_4389,,J,,,,2
LTFRB_439,B,J,,,,16
LTFRB_4390,,J,,,,2
LTFRB_4391,,J,,,,2
LTFRB_4392,,J,,,,2
LTFRB_4393,,J,,,,2
LTFRB_4394,,J,,,,2
LTFRB_4396,,J,,,,1
LTFRB_4397,,J,,,,1
LTFRB_4398,,J,,,,1
LTFRB_4399,,J,,,,1
LTFRB_44,,J,,,,35
LTFRB_440,B,J,,,,16
LTFRB_4400,,J,,,,2
LTFRB_4402,,J,,,,1
LTFRB_4403,,J,,,,1
LTFRB_4404,,J,,,,1
LTFRB_4405,,J,,,,1
LTFRB_4406,,J,,,,15
LTFRB_4407,B,J,,,,146
LTFRB_4408,,J,,,,2
LTFRB_4409,,J,,,,2
LTFRB_441,B,J,,,,16
LTFRB_4410,,J,,,,2
LTFRB_4411,,J,,,,3
LTFRB_4412,,J,,,,2
LTFRB_4413,,J,,,,4
LTFRB_4414,,J,,,,2
LTFRB_4415,,J,,,,2
LTFRB_4416,B,J,,,,101
LTFRB_4417,,J,,,,2
LTFRB_4418,,J,,,,2
LTFRB_4419,,J,,,,8
LTFRB_442,B,J,,,,22
LTFRB_4420,,J,,,,8
LTFRB_4421,,J,,,,8
LTFRB_4422,,J,,,,7
LTFRB_4423,,J,,,,3
LTFRB_4424,,J,,,,2
LTFRB_4425,,J,,,,1
LTFRB_4426,,J,,,,7
LTFRB_4427,,J,,,,3
LTFRB_4428,,J,,,,3
LTFRB_4429,,J,,,,2
LTFRB_443,,J,,,,6
LTFRB_4430,,J,,,,2
LTFRB_4431,,J,,,,1
LTFRB_4432,,J,,,,1
LTFRB_4433,,J,,,,1
LTFRB_4434,,J,,,,1
LTFRB_4435,B,J,,,,146
LTFRB_4436,,J,,,,3
LTFRB_4437,,J,,,,3
LTFRB_4438,,J,,,,3
LTFRB_4439,,J,,,,8
LTFRB_444,,J,,,,6
LTFRB_4440,,J,,,,4
LTFRB_4441,,J,,,,1
LTFRB_4442,,J,,,,18
LTFRB_4443,,J,,,,5
LTFRB_4444,,J,,,,3
LTFRB_4445,,J,,,,1
LTFRB_4446,B,,,,,13
LTFRB_4447,,J,,,,1
LTFRB_4448,,J,,,,1
LTFRB_4449,,J,,,,9
LTFRB_445,,J,,,,6
LTFRB_4450,,J,,,,8
LTFRB_4451,,J,,,,5
LTFRB_4452,,J,,,,5
LTFRB_4453,,J,,,,4
LTFRB_4454,,J,,,,4
LTFRB_4455,,J,,,,4
LTFRB_4456,,J,,,,4
LTFRB_4457,,J,,,,2
LTFRB_4458,,J,,,,3
LTFRB_4459,,J,,,,5
LTFRB_446,,J,,,,6
LTFRB_4460,B,J,,,,39
LTFRB_4461,B,J,,,,39
LTFRB_4462,B,J,,,,40
LTFRB_4463,,J,,,,3
LTFRB_4464,,J,,,,1
LTFRB_4465,,J,,,,1
LTFRB_4466,,J,,,,2
LTFRB_4467,,J,,,,2
LTFRB_4468,,J,,,,1
LTFRB_4469,,J,,,,1
LTFRB_447,,J,,,,5
LTFRB_4470,,J,,,,1
LTFRB_4471,B,J,,,,12
LTFRB_4472,B,J,,,,8
LTFRB_4473,B,J,,,,8
LTFRB_4475,B,J,,,,8
LTFRB_4476,B,J,,,,8
LTFRB_4477,B,J,,,,9
LTFRB_4478,,J,,,,2
LTFRB_4479,,J,,,,2
LTFRB_448,,J,,,,5
LTFRB_4480,,J,,,,2
LTFRB_4481,,J,,,,1
LTFRB_4483,,J,,,,2
LTFRB_4484,,J,,,,56
LTFRB_4485,,J,,,,36
LTFRB_4486,,J,,,,25
LTFRB_4487,,J,,,,46
LTFRB_4488,,J,,,,45
LTFRB_4489,B,J,,,,55
LTFRB_449,,J,,,,1
LTFRB_4490,B,,,,,1
LTFRB_4491,,J,,,,7
LTFRB_4492,,J,,,,5
LTFRB_4493,,J,,,,5
LTFRB_4494,,J,,,,4
LTFRB_4495,,J,,,,4
LTFRB_4496,B,J,,,,30
LTFRB_4497,,J,,,,5
LTFRB_4498,,J,,,,4
LTFRB_4499,,J,,,,4
LTFRB_45,,J,,,,36
LTFRB_450,,J,,,,2
LTFRB_4500,,J,,,,28
LTFRB_4501,,J,,,,5
LTFRB_4502,,J,,,,1
LTFRB_4503,,J,,,,2
LTFRB_4504,,J,,,,2
LTFRB_4505,B,J,,,,8
LTFRB_4506,,J,,,,21
LTFRB_4507,,J,,,,22
LTFRB_4508,,J,,,,63
LTFRB_451,,J,,,,2
LTFRB_4510,,J,,,,52
LTFRB_4511,,J,,,,1
LTFRB_4512,,J,,,,1
LTFRB_4513,B,J,,,,7
LTFRB_4514,B,,,,,1
LTFRB_4515,B,J,,,,12
LTFRB_4516,B,J,,,,12
LTFRB_4518,B,,,,,11
LTFRB_4519,B,J,,,,12
LTFRB_452,B,J,,,,22
LTFRB_4520,B,,,,,10
LTFRB_4521,B,,,,,10
LTFRB_4522,,J,,,,2
LTFRB_4523,,J,,,,2
LTFRB_4524,,J,,,,2
LTFRB_4525,,J,,,,2
LTFRB_4526,,J,,,,2
LTFRB_4527,,J,,,,2
LTFRB_4528,,J,,,,2
LTFRB_4529,,J,,,,2
LTFRB_453,B,J,,,,22
LTFRB_4530,,J,,,,2
LTFRB_4531,,J,,,,2
LTFRB_4532,,J,,,,4
LTFRB_4533,,J,,,,4
LTFRB_4534,,J,,,,4
LTFRB_4535,,J,,,,1
LTFRB_4536,,J,,,,1
LTFRB_4537,,J,,,,1
LTFRB_4538,,J,,,,1
LTFRB_4539,,J,,,,1
LTFRB_454,B,J,,,,22
LTFRB_4540,,J,,,,1
LTFRB_4541,,J,,,,1
LTFRB_4542,,J,,,,1
LTFRB_4543,,J,,,,1
LTFRB_4544,,J,,,,1
LTFRB_4545,,J,,,,1
LTFRB_4546,,J,,,,1
LTFRB_4547,,J,,,,1
LTFRB_4548,,J,,,,1
LTFRB_4549,,J,,,,1
LTFRB_455,B,J,,,,20
LTFRB_4550,,J,,,,1
LTFRB_4551,,J,,,,1
LTFRB_4552,,J,,,,2
LTFRB_4553,,J,,,,2
LTFRB_4554,,J,,,,2
LTFRB_4555,,J,,,,2
LTFRB_4556,,J,,,,2
LTFRB_4557,,J,,,,2
LTFRB_4558,,J,,,,2
LTFRB_4559,,J,,,,2
LTFRB_456,B,J,,,,21
LTFRB_4560,,J,,,,2
LTFRB_4561,,J,,,,2
LTFRB_4562,,J,,,,2
LTFRB_4563,,J,,,,2
LTFRB_4564,,J,,,,2
LTFRB_4565,,J,,,,2
LTFRB_4566,,J,,,,2
LTFRB_4567,,J,,,,2
LTFRB_4568,,J,,,,2
LTFRB_4569,,J,,,,2
LTFRB_457,B,J,,,,22
LTFRB_4570,,J,,,,2
LTFRB_4571,,J,,,,2
LTFRB_4572,,J,,,,2
LTFRB_4573,,J,,,,2
LTFRB_4574,,J,,,,2
LTFRB_4575,,J,,,,1
LTFRB_4576,,J,,,,2
LTFRB_4577,,J,,,,2
LTFRB_4578,,J,,,,2
LTFRB_4579,,J,,,,1
LTFRB_458,B,J,,,,22
LTFRB_4580,,J,,,,1
LTFRB_4581,,J,,,,2
LTFRB_4582,,J,,,,2
LTFRB_4583,,J,,,,1
LTFRB_4584,,J,,,,1
LTFRB_4585,,J,,,,3
LTFRB_4586,,J,,,,2
LTFRB_4587,,J,,,,2
LTFRB_4588,,J,,,,1
LTFRB_4589,,J,,,,1
LTFRB_459,,J,,,,4
LTFRB_4590,,J,,,,1
LTFRB_4591,,J,,,,1
LTFRB_4592,,J,,,,1
LTFRB_4593,,J,,,,7
LTFRB_4594,,J,,,,4
LTFRB_4595,,J,,,,5
LTFRB_4596,,J,,,,5
LTFRB_4597,,J,,,,2
LTFRB_4598,,J,,,,2
LTFRB_4599,,J,,,,3
LTFRB_46,,J,,,,2
LTFRB_460,,J,,,,4
LTFRB_4600,,J,,,,2
LTFRB_4601,,J,,,,2
LTFRB_4602,,J,,,,1
LTFRB_4603,B,J,,,,10
LTFRB_4604,,J,,,,2
LTFRB_4605,,J,,,,1
LTFRB_4606,,J,,,,2
LTFRB_4607,,J,,,,1
LTFRB_4608,,J,,,,3
LTFRB_4609,,J,,,,2
LTFRB_461,B,J,,,,41
LTFRB_4610,,J,,,,1
LTFRB_4611,,J,,,,2
LTFRB_4612,,J,,,,3
LTFRB_4613,,J,,,,2
LTFRB_4614,,J,,,,3
LTFRB_4615,,J,,,,2
LTFRB_4616,,J,,,,2
LTFRB_4617,,J,,,,2
LTFRB_4618,,J,,,,2
LTFRB_4619,,J,,,,2
LTFRB_462,,J,,,,4
LTFRB_4620,,J,,,,2
LTFRB_4621,,J,,,,1
LTFRB_4622,,J,,,,1
LTFRB_4623,,J,,,,1
LTFRB_4624,,J,,,,1
LTFRB_4625,,J,,,,2
LTFRB_4626,,J,,,,2
LTFRB_4627,,J,,,,2
LTFRB_4628,,J,,,,2
LTFRB_4629,,J,,,,2
LTFRB_463,,J,,,,4
LTFRB_4630,,J,,,,2
LTFRB_4631,,J,,,,2
LTFRB_4632,,J,,,,1
LTFRB_4634,,J,,,,1
LTFRB_4635,,J,,,,1
LTFRB_4636,,J,,,,1
LTFRB_4637,,J,,,,1
LTFRB_4638,,J,,,,2
LTFRB_4639,,J,,,,1
LTFRB_464,,J,,,,4
LTFRB_4640,,J,,,,1
LTFRB_4641,,J,,,,1
LTFRB_4642,B,J,,,,3
LTFRB_4643,,J,,,,1
LTFRB_4644,,J,,,,1
LTFRB_4645,,J,,,,1
LTFRB_4646,,J,,,,1
LTFRB_4647,,J,,,,7
LTFRB_4648,,J,,,,7
LTFRB_4649,,J,,,,2
LTFRB_465,,J,,,,2
LTFRB_4650,,J,,,,2
LTFRB_4651,,J,,,,4
LTFRB_4652,,J,,,,4
LTFRB_4653,,J,,,,4
LTFRB_4654,,J,,,,4
LTFRB_4655,,J,,,,3
LTFRB_4656,,J,,,,1
LTFRB_4657,,J,,,,4
LTFRB_4658,,J,,,,1
LTFRB_4659,,J,,,,1
LTFRB_466,,J,,,,2
LTFRB_4660,,J,,,,2
LTFRB_4661,,J,,,,2
LTFRB_4662,,J,,,,1
LTFRB_4663,,J,,,,1
LTFRB_4664,,J,,,,1
LTFRB_4665,,J,,,,1
LTFRB_4666,,J,,,,2
LTFRB_4667,,J,,,,1
LTFRB_4669,,J,,,,1
LTFRB_467,,J,,,,2
LTFRB_4670,,J,,,,1
LTFRB_4671,,J,,,,2
LTFRB_4672,,J,,,,2
LTFRB_4673,,J,,,,2
LTFRB_4674,B,J,,,,21
LTFRB_4675,,J,,,,1
LTFRB_4676,,J,,,,1
LTFRB_4677,,J,,,,1
LTFRB_4678,,J,,,,1
LTFRB_4679,,J,,,,1
LTFRB_468,B,J,,,,41
LTFRB_4680,,J,,,,1
LTFRB_4681,,J,,,,2
LTFRB_4682,,J,,,,1
LTFRB_4683,,J,,,,1
LTFRB_4684,,J,,,,1
LTFRB_4685,,J,,,,3
LTFRB_4686,,J,,,,3
LTFRB_4687,,J,,,,3
LTFRB_4688,,J,,,,3
LTFRB_4689,,J,,,,3
LTFRB_469,B,J,,,,41
LTFRB_4690,,J,,,,3
LTFRB_4691,,J,,,,3
LTFRB_4692,,J,,,,1
LTFRB_4693,,J,,,,1
LTFRB_4694,,J,,,,2
LTFRB_4695,,J,,,,1
LTFRB_4696,,J,,,,1
LTFRB_4697,,J,,,,1
LTFRB_4698,,J,,,,1
LTFRB_4699,,J,,,,1
LTFRB_47,,J,,,,2
LTFRB_470,B,J,,,,41
LTFRB_4700,,J,,,,1
LTFRB_4701,,J,,,,1
LTFRB_4702,,J,,,,2
LTFRB_4703,,J,,,,2
LTFRB_4704,,J,,,,2
LTFRB_4705,,J,,,,2
LTFRB_4706,,J,,,,1
LTFRB_4707,,J,,,,1
LTFRB_4708,,J,,,,3
LTFRB_4709,,J,,,,3
LTFRB_471,B,J,,,,41
LTFRB_4710,,J,,,,1
LTFRB_4711,,J,,,,1
LTFRB_4712,,J,,,,1
LTFRB_4713,,J,,,,1
LTFRB_4714,,J,,,,1
LTFRB_4715,,J,,,,1
LTFRB_4716,,J,,,,1
LTFRB_4717,,J,,,,1
LTFRB_4718,,J,,,,2
LTFRB_4719,,J,,,,2
LTFRB_472,B,J,,,,41
LTFRB_4720,,J,,,,2
LTFRB_4721,,J,,,,2
LTFRB_4722,,J,,,,2
LTFRB_4723,,J,,,,2
LTFRB_4724,,J,,,,2
LTFRB_4725,,J,,,,2
LTFRB_4726,,J,,,,2
LTFRB_4727,,J,,,,2
LTFRB_4728,,J,,,,2
LTFRB_4729,,J,,,,2
LTFRB_473,B,J,,,,41
LTFRB_4730,,J,,,,2
LTFRB_4731,,J,,,,2
LTFRB_4732,,J,,,,1
LTFRB_4733,,J,,,,1
LTFRB_4734,,J,,,,1
LTFRB_4735,,J,,,,1
LTFRB_4736,,J,,,,2
LTFRB_4737,,J,,,,2
LTFRB_4738,,J,,,,2
LTFRB_4739,,J,,,,2
LTFRB_474,B,J,,,,34
LTFRB_4740,,J,,,,2
LTFRB_4741,,J,,,,2
LTFRB_4742,,J,,,,2
LTFRB_4743,,J,,,,1
LTFRB_4744,,J,,,,1
LTFRB_4745,,J,,,,1
LTFRB_4746,,J,,,,1
LTFRB_4747,,J,,,,1
LTFRB_4748,,J,,,,1
LTFRB_4749,,J,,,,1
LTFRB_475,B,J,,,,34
LTFRB_4750,,J,,,,1
LTFRB_4751,,J,,,,1
LTFRB_4752,,J,,,,1
LTFRB_4753,,J,,,,2
LTFRB_4754,,J,,,,2
LTFRB_4755,,J,,,,2
LTFRB_4756,,J,,,,1
LTFRB_4757,,J,,,,1
LTFRB_4758,,J,,,,1
LTFRB_4759,,J,,,,2
LTFRB_476,B,J,,,,41
LTFRB_4760,,J,,,,2
LTFRB_4761,,J,,,,2
LTFRB_4762,,J,,,,2
LTFRB_4763,,J,,,,2
LTFRB_4764,,J,,,,2
LTFRB_4765,,J,,,,2
LTFRB_4766,,J,,,,2
LTFRB_4767,,J,,,,2
LTFRB_4768,,J,,,,2
LTFRB_4769,,J,,,,2
LTFRB_477,B,J,,,,47
LTFRB_4770,,J,,,,2
LTFRB_4771,,J,,,,2
LTFRB_4772,,J,,,,2
LTFRB_4773,,J,,,,2
LTFRB_4774,,J,,,,2
LTFRB_4775,,J,,,,2
LTFRB_4776,,J,,,,2
LTFRB_4777,,J,,,,2
LTFRB_4778,,J,,,,2
LTFRB_4779,,J,,,,2
LTFRB_478,,J,,,,6
LTFRB_4780,,J,,,,2
LTFRB_4781,,J,,,,2
LTFRB_4782,,J,,,,2
LTFRB_4783,,J,,,,2
LTFRB_4784,,J,,,,2
LTFRB_4785,,J,,,,2
LTFRB_4786,,J,,,,2
LTFRB_4787,,J,,,,2
LTFRB_4788,,J,,,,2
LTFRB_4789,,J,,,,2
LTFRB_479,,J,,,,6
LTFRB_4790,,J,,,,2
LTFRB_4791,,J,,,,2
LTFRB_4792,,J,,,,2
LTFRB_4793,,J,,,,2
LTFRB_4794,,J,,,,1
LTFRB_4795,,J,,,,1
LTFRB_4796,,J,,,,1
LTFRB_4797,,J,,,,1
LTFRB_4798,,J,,,,1
LTFRB_4799,,J,,,,1
LTFRB_48,,J,,,,2
LTFRB_480,,J,,,,6
LTFRB_4800,,J,,,,1
LTFRB_4801,,J,,,,1
LTFRB_4802,,J,,,,1
LTFRB_4803,,J,,,,1
LTFRB_4804,,J,,,,1
LTFRB_4805,,J,,,,1
LTFRB_481,,J,,,,5
LTFRB_4811,,J,,,,1
LTFRB_4812,,J,,,,1
LTFRB_4813,,J,,,,1
LTFRB_4814,,J,,,,1
LTFRB_4815,,J,,,,1
LTFRB_4816,,J,,,,2
LTFRB_4817,,J,,,,1
LTFRB_4818,,J,,,,1
LTFRB_482,,J,,,,5
LTFRB_4820,,J,,,,1
LTFRB_4821,,J,,,,1
LTFRB_4822,,J,,,,2
LTFRB_4823,,J,,,,2
LTFRB_4824,,J,,,,2
LTFRB_4825,,J,,,,2
LTFRB_4826,,J,,,,2
LTFRB_4827,,J,,,,2
LTFRB_4828,,J,,,,2
LTFRB_4829,,J,,,,2
LTFRB_483,,J,,,,5
LTFRB_4830,,J,,,,2
LTFRB_4831,,J,,,,2
LTFRB_4832,,J,,,,3
LTFRB_484,,J,,,,3
LTFRB_485,,J,,,,5
LTFRB_486,,J,,,,5
LTFRB_487,,J,,,,6
LTFRB_488,,J,,,,3
LTFRB_489,,J,,,,5
LTFRB_49,,J,,,,36
LTFRB_490,,J,,,,3
LTFRB_4908,,J,,,,2
LTFRB_4909,,J,,,,2
LTFRB_491,,J,,,,3
LTFRB_4910,,J,,,,1
LTFRB_4911,,J,,,,1
LTFRB_492,,J,,,,3
LTFRB_4927,B,,,,,1
LTFRB_4928,B,,,,,1
LTFRB_4929,,J,,,,1
LTFRB_493,B,J,,,,6
LTFRB_494,B,J,,,,6
LTFRB_4944,,,L,,,1
LTFRB_4945,,,L,,,1
LTFRB_4946,,,L,,,1
LTFRB_4947,,,L,,,1
LTFRB_4948,,,L,,,1
LTFRB_4949,,,L,,,1
LTFRB_495,B,J,,,,21
LTFRB_4950,,,L,,,1
LTFRB_4951,,,L,,,1
LTFRB_4952,,,L,,,1
LTFRB_4953,,,L,,,1
LTFRB_4954,,,L,,,1
LTFRB_4955,,,L,,,1
LTFRB_4956,,,L,,,1
LTFRB_4957,,,L,,,1
LTFRB_4958,,,L,,,1
LTFRB_4959,,,L,,,1
LTFRB_496,B,J,,,,6
LTFRB_4960,,,L,,,1
LTFRB_4961,,,L,,,1
LTFRB_4962,,,L,,,1
LTFRB_4963,,,L,,,1
LTFRB_4965,,,,M,,1
LTFRB_4966,,,,M,,1
LTFRB_4967,,,,M,,1
LTFRB_4968,,,,M,,1
LTFRB_4969,,,,M,,1
LTFRB_497,B,J,,,,8
LTFRB_4970,,,,M,,1
LTFRB_4971,,,,M,,1
LTFRB_4972,,,,M,,1
LTFRB_4973,,,,M,,1
LTFRB_4974,,,,M,,1
LTFRB_4975,,,,M,,1
LTFRB_4976,,,,M,,1
LTFRB_4977,,,L,,,1
LTFRB_4978,,,L,,,1
LTFRB_4979,,,L,,,1
LTFRB_498,B,J,,,,5
LTFRB_4980,,,L,,,1
LTFRB_4981,,,L,,,1
LTFRB_4982,,,L,,,1
LTFRB_4983,,,L,,,1
LTFRB_4984,,,L,,,1
LTFRB_4985,,,L,,,1
LTFRB_4986,,,L,,,1
LTFRB_4987,,,L,,,1
LTFRB_4988,,,,,P,1
LTFRB_499,,J,,,,7
LTFRB_4991,,,,,P,1
LTFRB_4992,,,,,P,1
LTFRB_4993,,,,,P,1
LTFRB_4994,,,,,P,1
LTFRB_4995,,,,,P,1
LTFRB_4996,,,,,P,1
LTFRB_4997,,,,,P,1
LTFRB_4998,,,,,P,1
LTFRB_4999,,,,,P,1
LTFRB_5,,J,,,,18
LTFRB_50,,J,,,,36
LTFRB_500,B,J,,,,4
LTFRB_5000,,,,,P,1
LTFRB_5001,,,,,P,1
LTFRB_5002,,,,,P,1
LTFRB_5004,,,,,P,1
LTFRB_5005,,,,,P,1
LTFRB_5007,,,,,P,1
LTFRB_5008,,,,,P,1
LTFRB_5009,,,,,P,1
LTFRB_501,,J,,,,3
LTFRB_5010,,,,,P,1
LTFRB_502,,J,,,,2
LTFRB_503,,J,,,,2
LTFRB_504,,J,,,,9
LTFRB_505,,J,,,,9
LTFRB_506,,J,,,,2
LTFRB_507,,J,,,,7
LTFRB_508,,J,,,,5
LTFRB_509,,J,,,,5
LTFRB_51,,J,,,,36
LTFRB_510,,J,,,,7
LTFRB_511,,J,,,,7
LTFRB_512,,J,,,,8
LTFRB_513,,J,,,,2
LTFRB_514,,J,,,,7
LTFRB_515,B,J,,,,32
LTFRB_516,B,J,,,,23
LTFRB_517,B,J,,,,22
LTFRB_518,B,J,,,,20
LTFRB_519,,J,,,,5
LTFRB_52,,J,,,,35
LTFRB_520,B,J,,,,30
LTFRB_521,B,J,,,,19
LTFRB_522,B,J,,,,31
LTFRB_523,,J,,,,13
LTFRB_524,B,J,,,,19
LTFRB_525,B,J,,,,13
LTFRB_526,,J,,,,22
LTFRB_527,B,J,,,,19
LTFRB_528,,J,,,,7
LTFRB_529,,J,,,,7
LTFRB_53,,J,,,,26
LTFRB_530,B,J,,,,32
LTFRB_531,B,J,,,,25
LTFRB_532,,J,,,,7
LTFRB_533,B,J,,,,18
LTFRB_534,B,J,,,,19
LTFRB_535,,J,,,,6
LTFRB_536,,J,,,,2
LTFRB_537,,J,,,,3
LTFRB_538,,J,,,,3
LTFRB_539,,J,,,,6
LTFRB_54,,J,,,,33
LTFRB_540,B,J,,,,25
LTFRB_541,B,J,,,,25
LTFRB_542,B,J,,,,25
LTFRB_543,B,J,,,,24
LTFRB_544,B,J,,,,24
LTFRB_545,B,J,,,,25
LTFRB_546,,J,,,,17
LTFRB_547,B,J,,,,25
LTFRB_548,B,J,,,,25
LTFRB_549,B,J,,,,25
LTFRB_55,,J,,,,33
LTFRB_550,B,J,,,,25
LTFRB_551,B,J,,,,76
LTFRB_552,B,J,,,,14
LTFRB_553,B,J,,,,14
LTFRB_554,B,J,,,,14
LTFRB_555,B,J,,,,14
LTFRB_556,B,J,,,,16
LTFRB_557,,J,,,,2
LTFRB_558,,J,,,,2
LTFRB_559,B,J,,,,16
LTFRB_56,B,J,,,,35
LTFRB_560,B,J,,,,16
LTFRB_561,B,J,,,,16
LTFRB_562,B,J,,,,16
LTFRB_563,B,J,,,,16
LTFRB_564,B,J,,,,16
LTFRB_565,B,J,,,,16
LTFRB_566,B,J,,,,49
LTFRB_567,,J,,,,45
LTFRB_568,,J,,,,45
LTFRB_569,B,J,,,,15
LTFRB_57,,J,,,,31
LTFRB_570,,J,,,,50
LTFRB_571,B,J,,,,55
LTFRB_572,,J,,,,17
LTFRB_573,,J,,,,17
LTFRB_574,,J,,,,17
LTFRB_575,,J,,,,17
LTFRB_576,,J,,,,17
LTFRB_577,,J,,,,17
LTFRB_578,,J,,,,17
LTFRB_579,,J,,,,21
LTFRB_58,B,J,,,,34
LTFRB_580,,J,,,,21
LTFRB_581,,J,,,,21
LTFRB_582,,J,,,,21
LTFRB_583,,J,,,,25
LTFRB_584,,J,,,,6
LTFRB_585,,J,,,,6
LTFRB_586,,J,,,,6
LTFRB_587,,J,,,,6
LTFRB_588,,J,,,,4
LTFRB_589,,J,,,,4
LTFRB_59,B,J,,,,35
LTFRB_590,,J,,,,4
LTFRB_591,,J,,,,4
LTFRB_592,,J,,,,4
LTFRB_593,,J,,,,4
LTFRB_594,,J,,,,4
LTFRB_595,,J,,,,4
LTFRB_596,,J,,,,4
LTFRB_597,,J,,,,4
LTFRB_598,,J,,,,2
LTFRB_599,,J,,,,27
LTFRB_6,,J,,,,18
LTFRB_60,B,J,,,,37
LTFRB_600,,J,,,,27
LTFRB_601,,J,,,,27
LTFRB_602,,J,,,,27
LTFRB_603,,J,,,,27
LTFRB_604,,J,,,,27
LTFRB_605,,J,,,,27
LTFRB_606,,J,,,,22
LTFRB_607,,J,,,,5
LTFRB_608,,J,,,,5
LTFRB_609,,J,,,,2
LTFRB_61,B,J,,,,38
LTFRB_610,,J,,,,2
LTFRB_611,,J,,,,5
LTFRB_612,,J,,,,12
LTFRB_614,,J,,,,6
LTFRB_615,,J,,,,7
LTFRB_616,,J,,,,2
LTFRB_617,B,J,,,,38
LTFRB_618,,J,,,,30
LTFRB_619,,J,,,,7
LTFRB_62,B,J,,,,39
LTFRB_620,B,J,,,,14
LTFRB_621,,J,,,,6
LTFRB_622,B,J,,,,6
LTFRB_623,B,J,,,,8
LTFRB_624,B,J,,,,4
LTFRB_625,B,J,,,,8
LTFRB_626,B,J,,,,4
LTFRB_627,B,J,,,,5
LTFRB_628,B,J,,,,8
LTFRB_629,B,J,,,,5
LTFRB_63,B,J,,,,39
LTFRB_630,B,J,,,,4
LTFRB_631,B,J,,,,8
LTFRB_632,B,J,,,,5
LTFRB_633,B,J,,,,6
LTFRB_634,B,J,,,,12
LTFRB_635,B,J,,,,9
LTFRB_636,B,J,,,,12
LTFRB_637,B,J,,,,8
LTFRB_638,B,J,,,,8
LTFRB_639,B,J,,,,8
LTFRB_64,B,J,,,,40
LTFRB_640,B,J,,,,12
LTFRB_641,B,J,,,,10
LTFRB_642,B,J,,,,8
LTFRB_643,B,J,,,,22
LTFRB_644,B,J,,,,16
LTFRB_645,,J,,,,2
LTFRB_646,,J,,,,1
LTFRB_647,,J,,,,1
LTFRB_648,,J,,,,1
LTFRB_649,,J,,,,1
LTFRB_65,B,J,,,,57
LTFRB_650,,J,,,,1
LTFRB_651,B,J,,,,3
LTFRB_652,B,J,,,,16
LTFRB_653,B,J,,,,16
LTFRB_654,B,J,,,,16
LTFRB_655,B,J,,,,16
LTFRB_656,B,J,,,,16
LTFRB_657,B,J,,,,16
LTFRB_658,B,J,,,,16
LTFRB_659,B,J,,,,16
LTFRB_66,B,J,,,,57
LTFRB_660,B,J,,,,16
LTFRB_661,B,J,,,,16
LTFRB_662,B,J,,,,16
LTFRB_663,B,J,,,,16
LTFRB_664,B,J,,,,15
LTFRB_665,B,J,,,,16
LTFRB_666,B,J,,,,16
LTFRB_667,B,J,,,,16
LTFRB_668,,J,,,,4
LTFRB_669,,J,,,,9
LTFRB_67,B,J,,,,63
LTFRB_670,B,J,,,,11
LTFRB_671,,J,,,,4
LTFRB_672,,J,,,,4
LTFRB_673,,J,,,,4
LTFRB_674,,J,,,,4
LTFRB_675,,J,,,,4
LTFRB_676,,J,,,,4
LTFRB_677,,J,,,,4
LTFRB_678,,J,,,,4
LTFRB_679,,J,,,,4
LTFRB_68,B,J,,,,63
LTFRB_680,,J,,,,4
LTFRB_681,,J,,,,4
LTFRB_682,,J,,,,4
LTFRB_683,,J,,,,2
LTFRB_684,,J,,,,2
LTFRB_685,,J,,,,2
LTFRB_686,,J,,,,1
LTFRB_687,,J,,,,1
LTFRB_688,,J,,,,1
LTFRB_689,,J,,,,1
LTFRB_69,B,J,,,,59
LTFRB_690,,J,,,,2
LTFRB_691,,J,,,,2
LTFRB_692,,J,,,,2
LTFRB_693,,J,,,,2
LTFRB_694,,J,,,,2
LTFRB_695,,J,,,,2
LTFRB_696,,J,,,,2
LTFRB_697,,J,,,,2
LTFRB_698,,J,,,,2
LTFRB_699,,J,,,,2
LTFRB_7,,J,,,,18
LTFRB_70,B,J,,,,58
LTFRB_700,,J,,,,2
LTFRB_701,,J,,,,2
LTFRB_702,,J,,,,2
LTFRB_703,,J,,,,2
LTFRB_704,,J,,,,2
LTFRB_705,,J,,,,2
LTFRB_706,,J,,,,2
LTFRB_707,,J,,,,2
LTFRB_708,,J,,,,2
LTFRB_709,,J,,,,2
LTFRB_71,B,J,,,,62
LTFRB_710,,J,,,,2
LTFRB_711,,J,,,,8
LTFRB_712,,J,,,,8
LTFRB_713,,J,,,,8
LTFRB_714,,J,,,,8
LTFRB_715,,J,,,,8
LTFRB_716,,J,,,,8
LTFRB_717,,J,,,,8
LTFRB_718,,J,,,,8
LTFRB_719,,J,,,,8
LTFRB_72,B,J,,,,61
LTFRB_720,,J,,,,8
LTFRB_721,,J,,,,8
LTFRB_722,,J,,,,8
LTFRB_723,,J,,,,8
LTFRB_724,,J,,,,8
LTFRB_725,,J,,,,8
LTFRB_726,B,J,,,,2
LTFRB_727,B,J,,,,2
LTFRB_728,B,J,,,,2
LTFRB_729,,J,,,,6
LTFRB_73,B,J,,,,59
LTFRB_730,,J,,,,13
LTFRB_731,B,J,,,,24
LTFRB_732,,J,,,,19
LTFRB_733,,J,,,,10
LTFRB_734,,J,,,,12
LTFRB_735,,J,,,,10
LTFRB_736,,J,,,,2
LTFRB_737,B,J,,,,43
LTFRB_738,,J,,,,1
LTFRB_739,,J,,,,1
LTFRB_74,B,J,,,,57
LTFRB_740,,J,,,,1
LTFRB_741,,J,,,,2
LTFRB_742,,J,,,,1
LTFRB_743,,J,,,,1
LTFRB_744,B,J,,,,47
LTFRB_745,B,J,,,,42
LTFRB_746,B,J,,,,41
LTFRB_747,,J,,,,35
LTFRB_748,B,J,,,,16
LTFRB_749,B,J,,,,47
LTFRB_75,B,J,,,,60
LTFRB_750,B,J,,,,47
LTFRB_751,B,J,,,,47
LTFRB_752,B,J,,,,41
LTFRB_753,B,J,,,,41
LTFRB_754,B,J,,,,41
LTFRB_755,B,J,,,,49
LTFRB_756,B,J,,,,49
LTFRB_757,B,J,,,,46
LTFRB_758,B,J,,,,46
LTFRB_759,B,J,,,,46
LTFRB_76,B,J,,,,66
LTFRB_760,B,J,,,,51
LTFRB_761,B,J,,,,50
LTFRB_762,B,J,,,,46
LTFRB_763,B,J,,,,51
LTFRB_764,B,J,,,,51
LTFRB_765,B,J,,,,54
LTFRB_766,,J,,,,4
LTFRB_767,,J,,,,3
LTFRB_768,,J,,,,2
LTFRB_769,,J,,,,2
LTFRB_77,B,J,,,,65
LTFRB_770,,J,,,,2
LTFRB_771,,J,,,,2
LTFRB_772,,J,,,,2
LTFRB_773,,J,,,,2
LTFRB_774,,J,,,,2
LTFRB_775,,J,,,,2
LTFRB_776,,J,,,,2
LTFRB_777,,J,,,,2
LTFRB_778,,J,,,,2
LTFRB_779,,J,,,,2
LTFRB_78,B,J,,,,61
LTFRB_780,,J,,,,1
LTFRB_781,,J,,,,1
LTFRB_782,,J,,,,2
LTFRB_783,,J,,,,1
LTFRB_784,B,J,,,,59
LTFRB_785,B,J,,,,50
LTFRB_786,B,J,,,,51
LTFRB_787,B,J,,,,51
LTFRB_788,B,J,,,,55
LTFRB_789,B,J,,,,73
LTFRB_79,B,J,,,,61
LTFRB_790,B,J,,,,76
LTFRB_791,B,J,,,,76
LTFRB_792,,J,,,,27
LTFRB_793,,J,,,,27
LTFRB_794,,J,,,,27
LTFRB_795,,J,,,,27
LTFRB_796,,J,,,,27
LTFRB_797,,J,,,,28
LTFRB_798,,J,,,,27
LTFRB_799,,J,,,,27
LTFRB_8,,J,,,,18
LTFRB_80,B,J,,,,71
LTFRB_800,,J,,,,27
LTFRB_801,,J,,,,4
LTFRB_802,,J,,,,2
LTFRB_803,,J,,,,2
LTFRB_804,,J,,,,27
LTFRB_805,,J,,,,25
LTFRB_806,B,J,,,,83
LTFRB_807,B,J,,,,83
LTFRB_808,B,J,,,,87
LTFRB_809,B,J,,,,84
LTFRB_81,B,J,,,,61
LTFRB_810,B,J,,,,93
LTFRB_811,B,J,,,,70
LTFRB_812,B,J,,,,71
LTFRB_813,B,J,,,,71
LTFRB_814,B,J,,,,85
LTFRB_815,B,J,,,,109
LTFRB_816,B,J,,,,110
LTFRB_817,B,J,,,,109
LTFRB_818,B,J,,,,109
LTFRB_819,B,J,,,,109
LTFRB_82,,J,,,,6
LTFRB_820,B,J,,,,99
LTFRB_821,B,J,,,,67
LTFRB_822,B,J,,,,3
LTFRB_824,B,J,,,,3
LTFRB_825,B,J,,,,3
LTFRB_826,,J,,,,2
LTFRB_827,,J,,,,2
LTFRB_828,,J,,,,2
LTFRB_829,B,J,,,,63
LTFRB_83,,J,,,,4
LTFRB_830,B,J,,,,72
LTFRB_831,,J,,,,1
LTFRB_832,B,J,,,,65
LTFRB_833,B,J,,,,58
LTFRB_834,B,J,,,,64
LTFRB_835,B,J,,,,113
LTFRB_836,B,J,,,,70
LTFRB_837,B,J,,,,116
LTFRB_838,B,J,,,,86
LTFRB_839,B,J,,,,126
LTFRB_84,B,J,,,,61
LTFRB_840,B,J,,,,116
LTFRB_841,B,J,,,,87
LTFRB_842,B,J,,,,145
LTFRB_843,,J,,,,14
LTFRB_844,,J,,,,14
LTFRB_845,,J,,,,14
LTFRB_846,,J,,,,14
LTFRB_847,,J,,,,6
LTFRB_848,,J,,,,12
LTFRB_849,,J,,,,12
LTFRB_85,B,J,,,,61
LTFRB_850,,J,,,,12
LTFRB_851,,J,,,,2
LTFRB_852,,J,,,,14
LTFRB_853,,J,,,,14
LTFRB_854,,J,,,,14
LTFRB_855,,J,,,,14
LTFRB_856,,J,,,,14
LTFRB_857,,J,,,,14
LTFRB_858,,J,,,,14
LTFRB_859,,J,,,,14
LTFRB_86,B,J,,,,61
LTFRB_860,,J,,,,12
LTFRB_861,,J,,,,12
LTFRB_862,,J,,,,12
LTFRB_863,,J,,,,10
LTFRB_864,,J,,,,10
LTFRB_865,,J,,,,8
LTFRB_866,,J,,,,8
LTFRB_867,,J,,,,8
LTFRB_868,,J,,,,8
LTFRB_869,,J,,,,8
LTFRB_87,B,J,,,,61
LTFRB_870,,J,,,,8
LTFRB_871,,J,,,,8
LTFRB_872,,J,,,,8
LTFRB_873,,J,,,,8
LTFRB_874,,J,,,,8
LTFRB_875,,J,,,,8
LTFRB_876,,J,,,,8
LTFRB_877,,J,,,,8
LTFRB_878,,J,,,,8
LTFRB_879,,J,,,,8
LTFRB_88,B,J,,,,61
LTFRB_880,,J,,,,8
LTFRB_881,,J,,,,8
LTFRB_882,,J,,,,8
LTFRB_883,,J,,,,8
LTFRB_884,,J,,,,4
LTFRB_885,,J,,,,4
LTFRB_886,,J,,,,4
LTFRB_887,,J,,,,4
LTFRB_888,,J,,,,4
LTFRB_889,,J,,,,4
LTFRB_89,B,J,,,,61
LTFRB_890,,J,,,,4
LTFRB_891,,J,,,,4
LTFRB_892,,J,,,,4
LTFRB_893,,J,,,,4
LTFRB_894,,J,,,,4
LTFRB_895,,J,,,,4
LTFRB_896,,J,,,,4
LTFRB_897,,J,,,,4
LTFRB_898,,J,,,,4
LTFRB_899,,J,,,,4
LTFRB_9,,J,,,,18
LTFRB_90,B,J,,,,61
LTFRB_900,,J,,,,4
LTFRB_901,,J,,,,4
LTFRB_902,,J,,,,2
LTFRB_903,,J,,,,4
LTFRB_904,,J,,,,4
LTFRB_905,,J,,,,4
LTFRB_906,,J,,,,4
LTFRB_907,,J,,,,6
LTFRB_908,,J,,,,7
LTFRB_909,,J,,,,6
LTFRB_91,B,J,,,,61
LTFRB_910,,J,,,,6
LTFRB_911,,J,,,,6
LTFRB_912,,J,,,,6
LTFRB_913,,J,,,,9
LTFRB_914,,J,,,,7
LTFRB_915,,J,,,,7
LTFRB_916,,J,,,,7
LTFRB_917,,J,,,,7
LTFRB_918,,J,,,,7
LTFRB_919,,J,,,,7
LTFRB_92,B,J,,,,56
LTFRB_920,,J,,,,7
LTFRB_921,,J,,,,9
LTFRB_922,,J,,,,10
LTFRB_923,,J,,,,10
LTFRB_924,,J,,,,10
LTFRB_925,,J,,,,10
LTFRB_926,,J,,,,10
LTFRB_927,,J,,,,10
LTFRB_928,,J,,,,10
LTFRB_929,,J,,,,10
LTFRB_93,B,J,,,,59
LTFRB_930,,J,,,,10
LTFRB_931,B,J,,,,12
LTFRB_932,B,J,,,,13
LTFRB_933,B,J,,,,13
LTFRB_934,B,J,,,,13
LTFRB_935,B,J,,,,11
LTFRB_936,B,J,,,,11
LTFRB_937,B,J,,,,11
LTFRB_938,B,J,,,,11
LTFRB_939,B,J,,,,11
LTFRB_94,B,J,,,,64
LTFRB_940,B,J,,,,11
LTFRB_941,B,J,,,,11
LTFRB_942,B,J,,,,11
LTFRB_943,B,J,,,,11
LTFRB_944,,J,,,,8
LTFRB_945,B,J,,,,11
LTFRB_946,B,J,,,,11
LTFRB_947,B,J,,,,11
LTFRB_948,B,J,,,,11
LTFRB_949,B,J,,,,11
LTFRB_95,B,J,,,,56
LTFRB_950,B,J,,,,11
LTFRB_951,B,J,,,,11
LTFRB_952,B,J,,,,11
LTFRB_953,B,J,,,,11
LTFRB_954,B,J,,,,13
LTFRB_955,B,J,,,,9
LTFRB_956,,J,,,,7
LTFRB_957,,J,,,,7
LTFRB_958,,J,,,,7
LTFRB_959,,J,,,,7
LTFRB_96,B,J,,,,63
LTFRB_960,B,J,,,,9
LTFRB_961,B,J,,,,9
LTFRB_962,,J,,,,4
LTFRB_963,B,J,,,,9
LTFRB_964,B,J,,,,5
LTFRB_965,B,J,,,,9
LTFRB_966,,J,,,,4
LTFRB_967,,J,,,,4
LTFRB_968,,J,,,,6
LTFRB_969,,J,,,,6
LTFRB_97,B,J,,,,52
LTFRB_970,,J,,,,6
LTFRB_971,,J,,,,6
LTFRB_972,,J,,,,6
LTFRB_973,,J,,,,6
LTFRB_974,,J,,,,6
LTFRB_975,,J,,,,6
LTFRB_976,,J,,,,6
LTFRB_977,,J,,,,6
LTFRB_978,,J,,,,4
LTFRB_979,,J,,,,4
LTFRB_98,B,J,,,,66
LTFRB_980,,J,,,,4
LTFRB_981,B,J,,,,9
LTFRB_982,B,J,,,,9
LTFRB_983,B,J,,,,9
LTFRB_984,,J,,,,7
LTFRB_985,B,J,,,,137
LTFRB_986,B,J,,,,131
LTFRB_987,B,J,,,,130
LTFRB_988,B,J,,,,135
LTFRB_989,B,J,,,,131
LTFRB_99,B,J,,,,74
LTFRB_990,B,J,,,,123
LTFRB_991,B,J,,,,136
LTFRB_992,B,J,,,,133
LTFRB_993,B,J,,,,139
LTFRB_994,B,J,,,,136
LTFRB_995,B,J,,,,129
LTFRB_996,B,J,,,,129
LTFRB_997,B,J,,,,125
LTFRB_998,B,J,,,,127
LTFRB_999,B,J,,,,129
STOP_880847,,,,M,,1
STOP_881609,,,,,P,1
STOP_881853,,,,,P,1
STOP_881854,,,,,P,1
STOP_884304,,J,,,,1
STOP_884325,,J,,,,2
STOP_884327,,J,,,,1
STOP_884335,,J,,,,1
STOP_884339,,J,,,,2
STOP_884347,,J,,,,2
STOP_884349,,J,,,,1
STOP_884351,,J,,,,1
STOP_884352,,J,,,,1
STOP_884358,,J,,,,2
STOP_884361,,J,,,,1
STOP_884362,,J,,,,1
STOP_884372,,J,,,,1
STOP_884375,,J,,,,1
STOP_884376,,J,,,,1
STOP_884377,,J,,,,2
STOP_884386,,J,,,,1
STOP_884387,,J,,,,1
STOP_884388,,J,,,,1
STOP_884389,,J,,,,2
STOP_884390,,J,,,,1
STOP_884391,,J,,,,1
STOP_884398,,J,,,,1
STOP_884401,,J,,,,1
